"file","line","pos","hits"
"checks.R",8,8,1607
"checks.R",9,9,2
"checks.R",10,10,2
"checks.R",11,11,2
"checks.R",12,12,2
"checks.R",13,13,1
"checks.R",14,14,2
"checks.R",15,15,1
"checks.R",16,16,2
"checks.R",20,20,2
"checks.R",21,21,1
"checks.R",22,22,1
"checks.R",23,23,2
"checks.R",24,24,1
"checks.R",25,25,2
"checks.R",26,26,2
"checks.R",27,27,2
"checks.R",28,28,2
"checks.R",32,32,1605
"checks.R",33,33,4
"checks.R",34,34,4
"checks.R",35,35,4
"checks.R",36,36,4
"checks.R",37,37,4
"checks.R",38,38,4
"checks.R",39,39,4
"checks.R",40,40,4
"checks.R",49,49,1601
"checks.R",50,50,14
"checks.R",51,51,14
"checks.R",52,52,14
"checks.R",56,56,14
"checks.R",57,57,6
"checks.R",58,58,14
"checks.R",59,59,8
"checks.R",60,60,14
"checks.R",61,61,14
"checks.R",62,62,14
"checks.R",63,63,14
"checks.R",64,64,14
"checks.R",70,70,1587
"checks.R",71,71,4
"checks.R",72,72,4
"checks.R",73,73,4
"checks.R",74,74,4
"checks.R",75,75,4
"checks.R",76,76,4
"checks.R",77,77,4
"checks.R",78,78,4
"checks.R",79,79,4
"checks.R",81,81,1583
"checks.R",82,82,1573
"checks.R",95,95,1604
"checks.R",108,108,1584
"checks.R",109,109,1584
"checks.R",110,110,1584
"checks.R",111,111,10
"checks.R",112,112,10
"checks.R",113,113,10
"checks.R",114,114,10
"checks.R",115,115,10
"checks.R",116,116,10
"checks.R",117,117,10
"checks.R",118,118,10
"checks.R",119,119,10
"checks.R",122,122,1574
"checks.R",130,130,1465
"checks.R",134,134,52
"checks.R",135,135,6
"checks.R",136,136,6
"checks.R",137,137,6
"checks.R",138,138,6
"checks.R",139,139,6
"checks.R",140,140,6
"checks.R",141,141,6
"checks.R",142,142,6
"checks.R",143,143,6
"checks.R",145,145,46
"checks.R",146,146,19
"checks.R",147,147,19
"checks.R",148,148,19
"checks.R",149,149,19
"checks.R",150,150,19
"checks.R",151,151,6
"checks.R",152,152,6
"checks.R",153,153,19
"checks.R",154,154,7
"checks.R",155,155,7
"checks.R",156,156,19
"checks.R",157,157,19
"checks.R",158,158,19
"checks.R",159,159,19
"checks.R",160,160,19
"checks.R",162,162,27
"checks.R",172,172,1410
"checks.R",173,173,1410
"checks.R",174,174,1410
"checks.R",175,175,1410
"checks.R",176,176,1410
"checks.R",177,177,1410
"checks.R",178,178,1410
"checks.R",179,179,1410
"checks.R",180,180,1388
"checks.R",182,182,22
"checks.R",183,183,22
"checks.R",184,184,22
"checks.R",185,185,22
"checks.R",186,186,10
"checks.R",187,187,22
"checks.R",188,188,6
"checks.R",189,189,22
"checks.R",190,190,6
"checks.R",191,191,6
"checks.R",192,192,22
"checks.R",193,193,22
"checks.R",194,194,22
"checks.R",195,195,22
"checks.R",196,196,22
"checks.R",197,197,22
"checks.R",198,198,22
"checks.R",204,204,15
"checks.R",205,205,9
"checks.R",206,206,9
"checks.R",207,207,9
"checks.R",208,208,9
"checks.R",209,209,9
"checks.R",210,210,9
"checks.R",211,211,9
"checks.R",212,212,9
"checks.R",224,224,21
"checks.R",225,225,21
"checks.R",226,226,21
"checks.R",227,227,21
"checks.R",228,228,12
"checks.R",229,229,12
"checks.R",230,230,21
"checks.R",231,231,21
"checks.R",232,232,21
"checks.R",233,233,21
"checks.R",234,234,6
"checks.R",235,235,6
"checks.R",236,236,6
"checks.R",237,237,21
"checks.R",238,238,21
"checks.R",239,239,21
"checks.R",246,246,1505
"checks.R",247,247,1505
"checks.R",248,248,1505
"checks.R",249,249,1505
"checks.R",262,262,1206
"checks.R",263,263,1206
"checks.R",264,264,1192
"checks.R",266,266,14
"checks.R",267,267,14
"checks.R",268,268,14
"checks.R",269,269,14
"checks.R",270,270,14
"checks.R",271,271,14
"checks.R",272,272,14
"checks.R",273,273,14
"checks.R",274,274,14
"checks.R",275,275,14
"checks.R",276,276,14
"checks.R",277,277,14
"checks.R",286,286,208
"checks.R",287,287,208
"checks.R",288,288,203
"checks.R",290,290,5
"checks.R",291,291,5
"checks.R",292,292,5
"checks.R",293,293,5
"checks.R",294,294,5
"checks.R",295,295,5
"checks.R",296,296,5
"checks.R",297,297,5
"checks.R",298,298,5
"checks.R",299,299,5
"checks.R",300,300,5
"checks.R",301,301,5
"checks.R",302,302,5
"checks.R",311,311,1329
"checks.R",312,312,1329
"checks.R",314,314,12
"checks.R",315,315,12
"checks.R",316,316,12
"checks.R",317,317,12
"checks.R",318,318,12
"checks.R",319,319,12
"checks.R",320,320,12
"checks.R",321,321,12
"checks.R",322,322,12
"checks.R",323,323,12
"checks.R",325,325,1317
"checks.R",326,326,2
"checks.R",327,327,2
"checks.R",328,328,2
"checks.R",329,329,2
"checks.R",330,330,2
"checks.R",334,334,1315
"checks.R",338,338,1315
"checks.R",339,339,2
"checks.R",340,340,2
"checks.R",341,341,2
"checks.R",342,342,2
"checks.R",343,343,2
"checks.R",344,344,2
"checks.R",345,345,2
"checks.R",346,346,2
"checks.R",347,347,2
"checks.R",353,353,1313
"checks.R",354,354,2
"checks.R",355,355,2
"checks.R",356,356,2
"checks.R",357,357,2
"checks.R",358,358,2
"checks.R",359,359,2
"checks.R",360,360,2
"checks.R",361,361,2
"checks.R",362,362,2
"checks.R",363,363,2
"checks.R",364,364,2
"checks.R",373,373,1311
"checks.R",374,374,1311
"checks.R",375,375,1311
"checks.R",376,376,1311
"checks.R",377,377,1311
"checks.R",378,378,1311
"checks.R",379,379,1311
"checks.R",380,380,1311
"checks.R",384,384,1293
"checks.R",385,385,1293
"checks.R",386,386,1293
"checks.R",387,387,1293
"checks.R",388,388,1293
"checks.R",389,389,1293
"checks.R",390,390,1293
"checks.R",391,391,1293
"checks.R",392,392,1293
"checks.R",396,396,1271
"checks.R",397,397,1249
"checks.R",398,398,1171
"checks.R",401,401,1117
"checks.R",402,402,756
"checks.R",411,411,2564
"checks.R",424,424,2604
"checks.R",425,425,2604
"checks.R",426,426,2604
"checks.R",427,427,2564
"checks.R",429,429,40
"checks.R",430,430,40
"checks.R",431,431,40
"checks.R",432,432,40
"checks.R",433,433,40
"checks.R",434,434,40
"checks.R",435,435,40
"checks.R",436,436,40
"checks.R",437,437,40
"checks.R",438,438,40
"checks.R",439,439,40
"checks.R",440,440,40
"checks.R",441,441,40
"checks.R",442,442,40
"checks.R",443,443,40
"checks.R",444,444,40
"checks.R",445,445,40
"checks.R",451,451,1271
"checks.R",452,452,1271
"checks.R",453,453,1271
"checks.R",454,454,1249
"checks.R",456,456,22
"checks.R",457,457,22
"checks.R",458,458,22
"checks.R",459,459,22
"checks.R",460,460,22
"checks.R",461,461,22
"checks.R",462,462,22
"checks.R",463,463,22
"checks.R",464,464,22
"checks.R",465,465,22
"checks.R",466,466,22
"checks.R",467,467,22
"checks.R",468,468,22
"checks.R",480,480,1249
"checks.R",481,481,1249
"checks.R",482,482,1249
"checks.R",483,483,1249
"checks.R",484,484,1249
"checks.R",485,485,1249
"checks.R",486,486,1249
"checks.R",487,487,1249
"checks.R",488,488,1171
"checks.R",490,490,78
"checks.R",491,491,78
"checks.R",492,492,78
"checks.R",493,493,78
"checks.R",494,494,78
"checks.R",495,495,78
"checks.R",496,496,78
"checks.R",497,497,78
"checks.R",498,498,61
"checks.R",499,499,61
"checks.R",500,500,61
"checks.R",501,501,78
"checks.R",502,502,78
"checks.R",503,503,78
"checks.R",504,504,78
"checks.R",505,505,78
"checks.R",506,506,78
"checks.R",507,507,78
"checks.R",508,508,78
"checks.R",509,509,78
"checks.R",510,510,78
"checks.R",511,511,78
"checks.R",512,512,78
"checks.R",513,513,78
"checks.R",514,514,78
"checks.R",515,515,78
"checks.R",516,516,78
"checks.R",517,517,78
"checks.R",518,518,78
"checks.R",519,519,78
"checks.R",532,532,1171
"checks.R",533,533,1171
"checks.R",534,534,1171
"checks.R",535,535,1171
"checks.R",537,537,1171
"checks.R",538,538,1171
"checks.R",539,539,1117
"checks.R",541,541,54
"checks.R",542,542,54
"checks.R",543,543,54
"checks.R",545,545,54
"checks.R",546,546,0
"checks.R",547,547,54
"checks.R",548,548,40
"checks.R",549,549,40
"checks.R",550,550,54
"checks.R",551,551,14
"checks.R",552,552,54
"checks.R",553,553,54
"checks.R",554,554,54
"checks.R",555,555,54
"checks.R",556,556,54
"checks.R",557,557,40
"checks.R",558,558,40
"checks.R",559,559,54
"checks.R",560,560,54
"checks.R",561,561,14
"checks.R",562,562,54
"checks.R",563,563,54
"checks.R",564,564,54
"checks.R",565,565,54
"checks.R",566,566,54
"checks.R",567,567,54
"checks.R",568,568,54
"checks.R",569,569,54
"checks.R",593,593,1117
"checks.R",594,594,1117
"checks.R",595,595,1117
"checks.R",596,596,1117
"checks.R",597,597,361
"checks.R",598,598,1117
"checks.R",600,600,1117
"checks.R",601,601,1117
"checks.R",602,602,1117
"checks.R",603,603,1117
"checks.R",604,604,1117
"checks.R",605,605,114
"checks.R",606,606,114
"checks.R",607,607,114
"checks.R",608,608,114
"checks.R",609,609,114
"checks.R",610,610,114
"checks.R",611,611,114
"checks.R",612,612,114
"checks.R",613,613,114
"checks.R",614,614,114
"checks.R",615,615,114
"checks.R",616,616,114
"checks.R",617,617,114
"checks.R",618,618,114
"checks.R",619,619,114
"checks.R",620,620,114
"checks.R",621,621,114
"checks.R",622,622,114
"checks.R",623,623,114
"checks.R",624,624,114
"checks.R",625,625,114
"checks.R",635,635,1003
"checks.R",636,636,1003
"checks.R",637,637,1003
"checks.R",638,638,2742
"checks.R",639,639,2742
"checks.R",640,640,2742
"checks.R",641,641,2742
"checks.R",642,642,2742
"checks.R",643,643,2742
"checks.R",644,644,366
"checks.R",645,645,366
"checks.R",646,646,3
"checks.R",652,652,363
"checks.R",653,653,363
"checks.R",654,654,363
"checks.R",655,655,363
"checks.R",656,656,722
"checks.R",657,657,722
"checks.R",658,658,722
"checks.R",659,659,0
"checks.R",660,660,722
"checks.R",664,664,2742
"checks.R",665,665,2742
"checks.R",666,666,3
"checks.R",667,667,2742
"checks.R",668,668,2739
"checks.R",669,669,2742
"checks.R",671,671,1003
"checks.R",672,672,1003
"checks.R",673,673,1003
"checks.R",674,674,1003
"checks.R",675,675,1003
"checks.R",676,676,126
"checks.R",677,677,126
"checks.R",678,678,126
"checks.R",679,679,126
"checks.R",680,680,126
"checks.R",681,681,126
"checks.R",682,682,126
"checks.R",683,683,126
"checks.R",684,684,126
"checks.R",685,685,126
"checks.R",686,686,98
"checks.R",687,687,98
"checks.R",688,688,98
"checks.R",689,689,98
"checks.R",690,690,126
"checks.R",691,691,104
"checks.R",692,692,104
"checks.R",693,693,104
"checks.R",694,694,104
"checks.R",695,695,104
"checks.R",696,696,104
"checks.R",697,697,104
"checks.R",698,698,104
"checks.R",699,699,104
"checks.R",700,700,104
"checks.R",701,701,104
"checks.R",702,702,104
"checks.R",703,703,126
"checks.R",704,704,126
"checks.R",705,705,126
"checks.R",706,706,126
"checks.R",707,707,126
"checks.R",708,708,126
"checks.R",709,709,126
"checks.R",710,710,126
"checks.R",711,711,126
"checks.R",712,712,126
"checks.R",713,713,126
"checks.R",714,714,126
"checks.R",715,715,126
"checks.R",716,716,126
"checks.R",717,717,126
"checks.R",723,723,877
"checks.R",724,724,877
"checks.R",725,725,2364
"checks.R",726,726,164
"checks.R",728,728,2200
"checks.R",729,729,2200
"checks.R",730,730,2200
"checks.R",731,731,6266
"checks.R",732,732,6266
"checks.R",733,733,6266
"checks.R",734,734,6266
"checks.R",735,735,6266
"checks.R",736,736,6266
"checks.R",737,737,6063
"checks.R",740,740,203
"checks.R",741,741,203
"checks.R",742,742,139
"checks.R",743,743,203
"checks.R",744,744,203
"checks.R",745,745,139
"checks.R",746,746,203
"checks.R",747,747,203
"checks.R",748,748,203
"checks.R",749,749,203
"checks.R",750,750,203
"checks.R",751,751,203
"checks.R",752,752,203
"checks.R",753,753,203
"checks.R",754,754,203
"checks.R",755,755,203
"checks.R",758,758,877
"checks.R",759,759,121
"checks.R",760,760,121
"checks.R",761,761,121
"checks.R",762,762,121
"checks.R",763,763,121
"checks.R",764,764,121
"checks.R",765,765,121
"checks.R",766,766,121
"checks.R",767,767,121
"checks.R",768,768,121
"checks.R",769,769,121
"checks.R",770,770,121
"checks.R",771,771,121
"checks.R",773,773,756
"checks.R",780,780,366
"checks.R",781,781,366
"checks.R",783,783,366
"checks.R",784,784,366
"checks.R",785,785,366
"checks.R",786,786,366
"checks.R",787,787,366
"checks.R",788,788,366
"checks.R",790,790,3
"checks.R",792,792,363
"checks.R",796,796,441
"checks.R",797,797,373
"checks.R",798,798,1
"checks.R",799,799,1
"checks.R",800,800,1
"checks.R",801,801,1
"checks.R",803,803,372
"checks.R",806,806,68
"checks.R",807,807,68
"checks.R",808,808,68
"checks.R",809,809,68
"checks.R",810,810,68
"checks.R",812,812,10
"checks.R",813,813,10
"checks.R",814,814,10
"checks.R",815,815,10
"checks.R",816,816,10
"checks.R",817,817,10
"checks.R",818,818,10
"checks.R",819,819,10
"checks.R",821,821,58
"checks.R",839,839,499
"checks.R",840,840,61
"checks.R",844,844,438
"checks.R",845,845,438
"checks.R",846,846,438
"checks.R",847,847,438
"checks.R",848,848,438
"checks.R",849,849,0
"checks.R",852,852,438
"checks.R",853,853,438
"checks.R",854,854,11
"checks.R",855,855,4
"checks.R",856,856,4
"checks.R",857,857,4
"checks.R",858,858,4
"checks.R",859,859,4
"checks.R",860,860,4
"checks.R",861,861,4
"checks.R",862,862,4
"checks.R",863,863,4
"checks.R",865,865,7
"checks.R",866,866,7
"checks.R",867,867,7
"checks.R",868,868,7
"checks.R",869,869,7
"checks.R",870,870,7
"checks.R",871,871,7
"checks.R",872,872,7
"checks.R",873,873,7
"checks.R",876,876,427
"checks.R",877,877,427
"checks.R",878,878,2
"checks.R",879,879,0
"checks.R",880,880,0
"checks.R",881,881,0
"checks.R",882,882,0
"checks.R",883,883,0
"checks.R",884,884,0
"checks.R",885,885,0
"checks.R",886,886,0
"checks.R",887,887,0
"checks.R",889,889,2
"checks.R",890,890,2
"checks.R",891,891,2
"checks.R",892,892,2
"checks.R",893,893,2
"checks.R",894,894,2
"checks.R",895,895,2
"checks.R",896,896,2
"checks.R",899,899,425
"checks.R",923,923,167
"checks.R",924,924,4
"checks.R",925,925,4
"checks.R",926,926,4
"checks.R",927,927,4
"checks.R",928,928,4
"checks.R",929,929,4
"checks.R",930,930,4
"checks.R",931,931,4
"checks.R",932,932,4
"checks.R",933,933,4
"checks.R",934,934,4
"checks.R",935,935,4
"checks.R",937,937,163
"checks.R",938,938,163
"checks.R",943,943,163
"checks.R",944,944,163
"checks.R",947,947,163
"checks.R",949,949,163
"checks.R",950,950,163
"checks.R",951,951,163
"checks.R",952,952,163
"checks.R",954,954,11
"checks.R",955,955,11
"checks.R",956,956,11
"checks.R",957,957,3
"checks.R",958,958,11
"checks.R",959,959,8
"checks.R",960,960,8
"checks.R",961,961,8
"checks.R",962,962,8
"checks.R",963,963,11
"checks.R",964,964,11
"checks.R",965,965,11
"checks.R",966,966,11
"checks.R",967,967,5
"checks.R",968,968,5
"checks.R",969,969,11
"checks.R",970,970,6
"checks.R",971,971,6
"checks.R",972,972,6
"checks.R",973,973,11
"checks.R",974,974,11
"checks.R",975,975,11
"checks.R",976,976,11
"checks.R",977,977,11
"checks.R",978,978,11
"checks.R",979,979,11
"checks.R",980,980,11
"checks.R",981,981,11
"checks.R",982,982,11
"checks.R",983,983,11
"checks.R",984,984,11
"checks.R",986,986,152
"checks.R",987,987,2
"checks.R",988,988,2
"checks.R",989,989,2
"checks.R",990,990,2
"checks.R",991,991,2
"checks.R",992,992,2
"checks.R",993,993,2
"checks.R",994,994,2
"checks.R",995,995,2
"checks.R",997,997,150
"checks.R",1011,1011,149
"checks.R",1012,1012,146
"checks.R",1014,1014,3
"checks.R",1015,1015,3
"checks.R",1016,1016,3
"checks.R",1017,1017,3
"checks.R",1018,1018,3
"checks.R",1019,1019,3
"checks.R",1020,1020,3
"checks.R",1021,1021,3
"checks.R",1022,1022,3
"checks.R",1023,1023,3
"checks.R",1024,1024,3
"checks.R",1025,1025,3
"checks.R",1026,1026,3
"checks.R",1040,1040,80
"checks.R",1047,1047,80
"checks.R",1048,1048,80
"checks.R",1049,1049,80
"checks.R",1050,1050,80
"checks.R",1051,1051,80
"checks.R",1052,1052,80
"checks.R",1053,1053,80
"checks.R",1054,1054,80
"checks.R",1055,1055,80
"checks.R",1056,1056,5
"checks.R",1057,1057,5
"checks.R",1058,1058,5
"checks.R",1059,1059,5
"checks.R",1060,1060,5
"checks.R",1061,1061,5
"checks.R",1062,1062,5
"checks.R",1063,1063,5
"checks.R",1064,1064,5
"checks.R",1065,1065,5
"checks.R",1066,1066,5
"checks.R",1067,1067,5
"checks.R",1069,1069,75
"checks.R",1070,1070,1
"checks.R",1071,1071,1
"checks.R",1072,1072,1
"checks.R",1073,1073,1
"checks.R",1074,1074,1
"checks.R",1075,1075,1
"checks.R",1076,1076,1
"checks.R",1077,1077,1
"checks.R",1079,1079,74
"checks.R",1085,1085,354
"checks.R",1086,1086,354
"checks.R",1087,1087,335
"checks.R",1090,1090,19
"checks.R",1091,1091,19
"checks.R",1092,1092,19
"checks.R",1093,1093,19
"checks.R",1095,1095,15
"checks.R",1097,1097,4
"checks.R",1098,1098,4
"checks.R",1099,1099,4
"checks.R",1100,1100,4
"checks.R",1101,1101,3
"checks.R",1102,1102,4
"checks.R",1103,1103,1
"checks.R",1104,1104,4
"checks.R",1105,1105,4
"checks.R",1106,1106,4
"checks.R",1107,1107,4
"checks.R",1108,1108,4
"checks.R",1121,1121,108
"checks.R",1122,1122,46
"checks.R",1123,1123,46
"checks.R",1124,1124,46
"checks.R",1125,1125,46
"checks.R",1126,1126,4
"checks.R",1127,1127,4
"checks.R",1128,1128,4
"checks.R",1129,1129,4
"checks.R",1130,1130,4
"checks.R",1131,1131,4
"checks.R",1132,1132,4
"checks.R",1133,1133,4
"checks.R",1134,1134,4
"checks.R",1135,1135,4
"checks.R",1139,1139,104
"checks.R",1140,1140,104
"checks.R",1142,1142,1
"checks.R",1143,1143,1
"checks.R",1144,1144,1
"checks.R",1145,1145,1
"checks.R",1146,1146,1
"checks.R",1147,1147,1
"checks.R",1148,1148,1
"checks.R",1149,1149,1
"checks.R",1152,1152,103
"checks.R",1153,1153,103
"checks.R",1155,1155,1
"checks.R",1156,1156,1
"checks.R",1157,1157,1
"checks.R",1158,1158,1
"checks.R",1159,1159,1
"checks.R",1160,1160,1
"checks.R",1161,1161,1
"checks.R",1162,1162,1
"checks.R",1172,1172,117
"checks.R",1173,1173,117
"checks.R",1174,1174,36
"checks.R",1177,1177,81
"checks.R",1178,1178,81
"checks.R",1179,1179,81
"checks.R",1180,1180,81
"checks.R",1182,1182,72
"checks.R",1184,1184,9
"checks.R",1185,1185,9
"checks.R",1186,1186,9
"checks.R",1187,1187,9
"checks.R",1188,1188,6
"checks.R",1189,1189,9
"checks.R",1190,1190,3
"checks.R",1191,1191,9
"checks.R",1192,1192,9
"checks.R",1193,1193,9
"checks.R",1194,1194,9
"checks.R",1198,1198,659
"checks.R",1199,1199,9
"checks.R",1200,1200,9
"checks.R",1201,1201,9
"checks.R",1202,1202,9
"checks.R",1203,1203,9
"checks.R",1204,1204,9
"checks.R",1205,1205,9
"checks.R",1207,1207,650
"checks.R",1214,1214,537
"checks.R",1215,1215,5
"checks.R",1216,1216,5
"checks.R",1217,1217,5
"checks.R",1218,1218,5
"checks.R",1219,1219,5
"checks.R",1220,1220,5
"checks.R",1221,1221,5
"checks.R",1223,1223,532
"checks.R",1241,1241,634
"checks.R",1242,1242,578
"checks.R",1245,1245,56
"checks.R",1246,1246,6
"checks.R",1247,1247,6
"checks.R",1248,1248,6
"checks.R",1249,1249,6
"checks.R",1250,1250,3
"checks.R",1251,1251,6
"checks.R",1252,1252,3
"checks.R",1253,1253,6
"checks.R",1254,1254,6
"checks.R",1255,1255,6
"checks.R",1256,1256,6
"checks.R",1261,1261,50
"checks.R",1262,1262,50
"checks.R",1265,1265,18
"checks.R",1266,1266,18
"checks.R",1267,1267,18
"checks.R",1268,1268,18
"checks.R",1269,1269,18
"checks.R",1270,1270,18
"checks.R",1271,1271,18
"checks.R",1272,1272,18
"checks.R",1275,1275,32
"checks.R",1285,1285,713
"checks.R",1286,1286,713
"checks.R",1287,1287,713
"checks.R",1289,1289,713
"checks.R",1290,1290,701
"checks.R",1293,1293,12
"checks.R",1294,1294,12
"checks.R",1295,1295,12
"checks.R",1296,1296,12
"checks.R",1297,1297,9
"checks.R",1298,1298,12
"checks.R",1299,1299,3
"checks.R",1300,1300,12
"checks.R",1301,1301,12
"checks.R",1302,1302,12
"checks.R",1303,1303,12
"checks.R",1321,1321,184
"checks.R",1322,1322,158
"checks.R",1324,1324,26
"checks.R",1325,1325,26
"checks.R",1326,1326,26
"checks.R",1327,1327,16
"checks.R",1328,1328,26
"checks.R",1329,1329,10
"checks.R",1330,1330,26
"checks.R",1331,1331,26
"checks.R",1332,1332,13
"checks.R",1333,1333,26
"checks.R",1334,1334,13
"checks.R",1335,1335,26
"checks.R",1336,1336,26
"checks.R",1337,1337,26
"checks.R",1338,1338,26
"checks.R",1339,1339,26
"checks.R",1347,1347,159
"checks.R",1348,1348,2
"checks.R",1349,1349,2
"checks.R",1350,1350,2
"checks.R",1351,1351,2
"checks.R",1352,1352,2
"checks.R",1353,1353,2
"checks.R",1354,1354,2
"checks.R",1355,1355,2
"checks.R",1356,1356,2
"checks.R",1357,1357,2
"checks.R",1358,1358,2
"checks.R",1359,1359,2
"checks.R",1361,1361,157
"checks.R",1362,1362,132
"checks.R",1364,1364,25
"checks.R",1365,1365,25
"checks.R",1366,1366,25
"checks.R",1367,1367,25
"checks.R",1368,1368,13
"checks.R",1369,1369,25
"checks.R",1370,1370,12
"checks.R",1371,1371,25
"checks.R",1372,1372,25
"checks.R",1373,1373,25
"checks.R",1374,1374,25
"checks.R",1375,1375,25
"checks.R",1379,1379,77
"checks.R",1380,1380,69
"checks.R",1382,1382,8
"checks.R",1383,1383,8
"checks.R",1384,1384,8
"checks.R",1385,1385,8
"checks.R",1386,1386,8
"checks.R",1387,1387,8
"checks.R",1388,1388,8
"checks.R",1389,1389,8
"checks.R",1390,1390,8
"checks.R",1391,1391,8
"checks.R",1395,1395,341
"checks.R",1401,1401,392
"checks.R",1418,1418,1463
"checks.R",1419,1419,1463
"checks.R",1420,1420,1463
"checks.R",1421,1421,1463
"checks.R",1422,1422,1454
"checks.R",1423,1423,1463
"checks.R",1424,1424,0
"checks.R",1425,1425,1463
"checks.R",1426,1426,1463
"checks.R",1427,1427,1463
"checks.R",1428,1428,1463
"checks.R",1440,1440,1378
"checks.R",1441,1441,1378
"checks.R",1442,1442,1378
"checks.R",1443,1443,26
"checks.R",1444,1444,26
"checks.R",1445,1445,26
"checks.R",1446,1446,26
"checks.R",1447,1447,26
"checks.R",1448,1448,26
"checks.R",1449,1449,26
"checks.R",1450,1450,7
"checks.R",1451,1451,26
"checks.R",1452,1452,26
"checks.R",1453,1453,26
"checks.R",1454,1454,26
"checks.R",1455,1455,26
"checks.R",1457,1457,1352
"checks.R",1458,1458,0
"checks.R",1459,1459,0
"checks.R",1460,1460,0
"checks.R",1461,1461,0
"checks.R",1462,1462,0
"checks.R",1463,1463,0
"checks.R",1464,1464,0
"checks.R",1465,1465,0
"checks.R",1467,1467,1352
"checks.R",1492,1492,499
"checks.R",1493,1493,14
"checks.R",1494,1494,14
"checks.R",1495,1495,14
"checks.R",1496,1496,14
"checks.R",1497,1497,14
"checks.R",1498,1498,14
"checks.R",1499,1499,14
"checks.R",1500,1500,14
"checks.R",1501,1501,14
"checks.R",1502,1502,14
"checks.R",1504,1504,485
"checks.R",1505,1505,20
"checks.R",1507,1507,465
"checks.R",1508,1508,432
"checks.R",1510,1510,33
"checks.R",1511,1511,33
"checks.R",1512,1512,33
"checks.R",1513,1513,33
"checks.R",1514,1514,33
"checks.R",1515,1515,0
"checks.R",1517,1517,33
"checks.R",1518,1518,33
"checks.R",1519,1519,33
"checks.R",1520,1520,5
"checks.R",1521,1521,5
"checks.R",1522,1522,5
"checks.R",1523,1523,5
"checks.R",1524,1524,5
"checks.R",1525,1525,5
"checks.R",1526,1526,5
"checks.R",1527,1527,5
"checks.R",1528,1528,5
"checks.R",1530,1530,28
"checks.R",1540,1540,20
"checks.R",1543,1543,3
"checks.R",1544,1544,3
"checks.R",1545,1545,3
"checks.R",1546,1546,3
"checks.R",1547,1547,3
"checks.R",1548,1548,3
"checks.R",1549,1549,3
"checks.R",1550,1550,3
"checks.R",1551,1551,3
"checks.R",1552,1552,3
"checks.R",1553,1553,3
"checks.R",1554,1554,3
"checks.R",1555,1555,3
"checks.R",1556,1556,3
"checks.R",1557,1557,3
"checks.R",1558,1558,3
"checks.R",1559,1559,3
"checks.R",1561,1561,17
"checks.R",1565,1565,15
"checks.R",1566,1566,15
"checks.R",1567,1567,15
"checks.R",1568,1568,15
"checks.R",1569,1569,15
"checks.R",1570,1570,2
"checks.R",1571,1571,2
"checks.R",1572,1572,2
"checks.R",1573,1573,2
"checks.R",1574,1574,2
"checks.R",1575,1575,2
"checks.R",1576,1576,2
"checks.R",1577,1577,2
"checks.R",1578,1578,2
"checks.R",1579,1579,2
"checks.R",1583,1583,13
"checks.R",1584,1584,13
"checks.R",1585,1585,13
"checks.R",1586,1586,13
"checks.R",1587,1587,13
"checks.R",1588,1588,13
"checks.R",1589,1589,13
"checks.R",1590,1590,13
"checks.R",1591,1591,0
"checks.R",1593,1593,13
"checks.R",1594,1594,13
"checks.R",1595,1595,4
"checks.R",1596,1596,4
"checks.R",1597,1597,4
"checks.R",1598,1598,4
"checks.R",1599,1599,4
"checks.R",1600,1600,4
"checks.R",1601,1601,4
"checks.R",1602,1602,4
"checks.R",1603,1603,4
"checks.R",1604,1604,4
"checks.R",1606,1606,9
"checks.R",1615,1615,57
"checks.R",1616,1616,4
"checks.R",1617,1617,4
"checks.R",1618,1618,4
"checks.R",1619,1619,4
"checks.R",1620,1620,4
"checks.R",1621,1621,4
"checks.R",1622,1622,4
"checks.R",1623,1623,4
"checks.R",1624,1624,4
"checks.R",1626,1626,53
"checks.R",1647,1647,580
"checks.R",1648,1648,580
"checks.R",1649,1649,580
"checks.R",1650,1650,33
"checks.R",1651,1651,33
"checks.R",1652,1652,33
"checks.R",1653,1653,33
"checks.R",1654,1654,33
"checks.R",1655,1655,33
"checks.R",1656,1656,33
"checks.R",1657,1657,33
"checks.R",1659,1659,547
"checks.R",1661,1661,547
"checks.R",1662,1662,547
"checks.R",1663,1663,547
"checks.R",1665,1665,7
"checks.R",1666,1666,7
"checks.R",1667,1667,7
"checks.R",1668,1668,7
"checks.R",1669,1669,7
"checks.R",1670,1670,7
"checks.R",1671,1671,7
"checks.R",1672,1672,7
"checks.R",1674,1674,540
"checks.R",1684,1684,682
"checks.R",1685,1685,682
"checks.R",1686,1686,682
"checks.R",1689,1689,15
"checks.R",1690,1690,15
"checks.R",1691,1691,15
"checks.R",1692,1692,15
"checks.R",1693,1693,15
"checks.R",1694,1694,15
"checks.R",1695,1695,15
"checks.R",1696,1696,15
"checks.R",1697,1697,15
"checks.R",1699,1699,667
"checks.R",1710,1710,84
"checks.R",1711,1711,84
"checks.R",1712,1712,84
"checks.R",1713,1713,84
"checks.R",1714,1714,84
"checks.R",1715,1715,84
"checks.R",1716,1716,84
"checks.R",1717,1717,84
"checks.R",1718,1718,8
"checks.R",1719,1719,8
"checks.R",1720,1720,8
"checks.R",1721,1721,8
"checks.R",1722,1722,8
"checks.R",1723,1723,8
"checks.R",1724,1724,8
"checks.R",1725,1725,8
"checks.R",1726,1726,8
"checks.R",1727,1727,8
"checks.R",1728,1728,8
"checks.R",1729,1729,8
"checks.R",1730,1730,8
"checks.R",1731,1731,8
"checks.R",1732,1732,8
"checks.R",1733,1733,8
"checks.R",1734,1734,8
"checks.R",1735,1735,8
"checks.R",1736,1736,8
"checks.R",1737,1737,8
"checks.R",1739,1739,76
"checks.R",1748,1748,53
"checks.R",1749,1749,53
"checks.R",1750,1750,1
"checks.R",1751,1751,1
"checks.R",1752,1752,1
"checks.R",1753,1753,1
"checks.R",1754,1754,1
"checks.R",1755,1755,1
"checks.R",1756,1756,1
"checks.R",1757,1757,1
"checks.R",1758,1758,1
"checks.R",1759,1759,1
"checks.R",1760,1760,1
"checks.R",1762,1762,52
"checks.R",1763,1763,52
"checks.R",1764,1764,1
"checks.R",1765,1765,1
"checks.R",1766,1766,1
"checks.R",1767,1767,1
"checks.R",1768,1768,1
"checks.R",1769,1769,1
"checks.R",1770,1770,1
"checks.R",1771,1771,1
"checks.R",1772,1772,1
"checks.R",1773,1773,1
"checks.R",1774,1774,1
"checks.R",1776,1776,51
"checks.R",1777,1777,0
"checks.R",1778,1778,0
"checks.R",1779,1779,0
"checks.R",1780,1780,0
"checks.R",1781,1781,0
"checks.R",1783,1783,51
"checks.R",1799,1799,51
"checks.R",1800,1800,48
"checks.R",1802,1802,3
"checks.R",1803,1803,3
"checks.R",1804,1804,3
"checks.R",1805,1805,3
"checks.R",1806,1806,3
"checks.R",1807,1807,1
"checks.R",1808,1808,3
"checks.R",1809,1809,2
"checks.R",1810,1810,3
"checks.R",1811,1811,3
"checks.R",1812,1812,3
"checks.R",1813,1813,3
"checks.R",1814,1814,3
"checks.R",1825,1825,136
"checks.R",1826,1826,136
"checks.R",1827,1827,136
"checks.R",1837,1837,48
"checks.R",1838,1838,48
"checks.R",1839,1839,48
"checks.R",1840,1840,1
"checks.R",1841,1841,1
"checks.R",1842,1842,1
"checks.R",1843,1843,1
"checks.R",1844,1844,1
"checks.R",1845,1845,1
"checks.R",1846,1846,1
"checks.R",1847,1847,1
"checks.R",1848,1848,1
"checks.R",1850,1850,47
"checks.R",1851,1851,47
"checks.R",1852,1852,47
"checks.R",1853,1853,3
"checks.R",1854,1854,3
"checks.R",1855,1855,3
"checks.R",1856,1856,3
"checks.R",1857,1857,3
"checks.R",1858,1858,0
"checks.R",1859,1859,3
"checks.R",1860,1860,3
"checks.R",1861,1861,3
"checks.R",1862,1862,3
"checks.R",1863,1863,3
"checks.R",1864,1864,3
"checks.R",1865,1865,3
"checks.R",1866,1866,3
"checks.R",1868,1868,44
"checks.R",1869,1869,44
"checks.R",1870,1870,0
"checks.R",1871,1871,0
"checks.R",1872,1872,0
"checks.R",1873,1873,0
"checks.R",1874,1874,0
"checks.R",1876,1876,44
"checks.R",1877,1877,1
"checks.R",1878,1878,1
"checks.R",1879,1879,1
"checks.R",1880,1880,1
"checks.R",1881,1881,1
"checks.R",1882,1882,1
"checks.R",1883,1883,1
"checks.R",1884,1884,1
"checks.R",1885,1885,1
"checks.R",1887,1887,43
"checks.R",1896,1896,91
"checks.R",1897,1897,91
"checks.R",1898,1898,45
"checks.R",1900,1900,46
"checks.R",1910,1910,43
"checks.R",1911,1911,89
"checks.R",1912,1912,89
"checks.R",1913,1913,89
"checks.R",1914,1914,77
"checks.R",1916,1916,12
"checks.R",1917,1917,12
"checks.R",1918,1918,12
"checks.R",1919,1919,12
"checks.R",1920,1920,12
"checks.R",1921,1921,2
"checks.R",1922,1922,2
"checks.R",1923,1923,2
"checks.R",1924,1924,2
"checks.R",1925,1925,2
"checks.R",1926,1926,2
"checks.R",1927,1927,2
"checks.R",1928,1928,2
"checks.R",1929,1929,2
"checks.R",1931,1931,10
"checks.R",1932,1932,10
"checks.R",1933,1933,2
"checks.R",1934,1934,2
"checks.R",1935,1935,2
"checks.R",1936,1936,2
"checks.R",1937,1937,2
"checks.R",1938,1938,2
"checks.R",1939,1939,2
"checks.R",1940,1940,2
"checks.R",1941,1941,2
"checks.R",1944,1944,39
"checks.R",1957,1957,13
"checks.R",1958,1958,13
"checks.R",1959,1959,1
"checks.R",1960,1960,1
"checks.R",1961,1961,13
"checks.R",1962,1962,1
"checks.R",1963,1963,13
"checks.R",1964,1964,1
"checks.R",1965,1965,1
"checks.R",1966,1966,13
"checks.R",1967,1967,13
"checks.R",1968,1968,10
"checks.R",1970,1970,3
"checks.R",1971,1971,3
"checks.R",1972,1972,3
"checks.R",1973,1973,3
"checks.R",1974,1974,3
"checks.R",1975,1975,3
"checks.R",1976,1976,3
"checks.R",1977,1977,3
"checks.R",1978,1978,3
"checks.R",1997,1997,138
"checks.R",1998,1998,138
"checks.R",1999,1999,107
"checks.R",2001,2001,31
"checks.R",2005,2005,31
"checks.R",2006,2006,31
"checks.R",2007,2007,31
"checks.R",2008,2008,31
"checks.R",2009,2009,31
"checks.R",2010,2010,31
"checks.R",2011,2011,31
"checks.R",2012,2012,31
"checks.R",2013,2013,31
"checks.R",2014,2014,31
"checks.R",2015,2015,31
"checks.R",2026,2026,36
"checks.R",2027,2027,36
"checks.R",2028,2028,36
"checks.R",2029,2029,2
"checks.R",2030,2030,2
"checks.R",2031,2031,2
"checks.R",2033,2033,34
"checks.R",2034,2034,34
"checks.R",2039,2039,7
"checks.R",2041,2041,27
"checks.R",2045,2045,2
"checks.R",2046,2046,2
"checks.R",2047,2047,2
"checks.R",2048,2048,2
"checks.R",2050,2050,25
"checks.R",2051,2051,25
"checks.R",2052,2052,18
"checks.R",2053,2053,18
"checks.R",2054,2054,18
"checks.R",2056,2056,7
"checks.R",2057,2057,3
"checks.R",2058,2058,3
"checks.R",2059,2059,3
"checks.R",2061,2061,4
"checks.R",2062,2062,4
"checks.R",2063,2063,4
"checks.R",2064,2064,4
"checks.R",2065,2065,4
"checks.R",2066,2066,2
"checks.R",2067,2067,4
"checks.R",2068,2068,4
"checks.R",2069,2069,4
"checks.R",2070,2070,1
"checks.R",2071,2071,4
"checks.R",2072,2072,4
"checks.R",2073,2073,1
"checks.R",2074,2074,1
"checks.R",2075,2075,1
"checks.R",2076,2076,1
"checks.R",2077,2077,4
"checks.R",2078,2078,4
"checks.R",2079,2079,4
"checks.R",2087,2087,7
"checks.R",2088,2088,7
"checks.R",2089,2089,7
"checks.R",2090,2090,7
"checks.R",2091,2091,7
"checks.R",2092,2092,3
"checks.R",2093,2093,3
"checks.R",2094,2094,3
"checks.R",2095,2095,3
"checks.R",2096,2096,3
"checks.R",2097,2097,3
"checks.R",2098,2098,3
"checks.R",2099,2099,3
"checks.R",2100,2100,3
"checks.R",2101,2101,3
"checks.R",2102,2102,3
"checks.R",2104,2104,4
"checks.R",2105,2105,4
"checks.R",2106,2106,2
"checks.R",2107,2107,2
"checks.R",2108,2108,2
"checks.R",2109,2109,2
"checks.R",2110,2110,2
"checks.R",2112,2112,2
"checks.R",2113,2113,2
"checks.R",2114,2114,2
"checks.R",2115,2115,2
"checks.R",2120,2120,72
"checks.R",2121,2121,21
"checks.R",2122,2122,1
"checks.R",2123,2123,50
"checks.R",2124,2124,0
"checks.R",2129,2129,484
"checks.R",2130,2130,204
"checks.R",2131,2131,204
"checks.R",2132,2132,204
"checks.R",2133,2133,204
"checks.R",2134,2134,12
"checks.R",2136,2136,192
"checks.R",2137,2137,3
"checks.R",2138,2138,3
"checks.R",2139,2139,3
"checks.R",2140,2140,3
"checks.R",2141,2141,3
"checks.R",2142,2142,3
"checks.R",2144,2144,189
"checks.R",2145,2145,448
"checks.R",2146,2146,448
"checks.R",2147,2147,448
"checks.R",2148,2148,82
"checks.R",2151,2151,107
"checks.R",2153,2153,280
"checks.R",2154,2154,262
"checks.R",2156,2156,18
"checks.R",2163,2163,25
"checks.R",2164,2164,25
"checks.R",2165,2165,9
"checks.R",2166,2166,9
"checks.R",2167,2167,9
"checks.R",2168,2168,9
"checks.R",2169,2169,9
"checks.R",2170,2170,9
"checks.R",2171,2171,1
"checks.R",2172,2172,9
"checks.R",2173,2173,1
"checks.R",2174,2174,9
"checks.R",2175,2175,9
"checks.R",2176,2176,2
"checks.R",2177,2177,9
"checks.R",2178,2178,0
"checks.R",2179,2179,9
"checks.R",2180,2180,9
"checks.R",2181,2181,9
"checks.R",2183,2183,16
"checks.R",2184,2184,1
"checks.R",2186,2186,15
"checks.R",2187,2187,5
"checks.R",2188,2188,1
"checks.R",2190,2190,4
"checks.R",2191,2191,4
"checks.R",2192,2192,4
"checks.R",2193,2193,4
"checks.R",2194,2194,4
"checks.R",2195,2195,4
"checks.R",2196,2196,4
"checks.R",2197,2197,0
"checks.R",2198,2198,4
"checks.R",2199,2199,3
"checks.R",2200,2200,4
"checks.R",2201,2201,4
"checks.R",2202,2202,4
"checks.R",2205,2205,10
"checks.R",2206,2206,1
"checks.R",2207,2207,0
"checks.R",2208,2208,0
"checks.R",2209,2209,1
"checks.R",2211,2211,8
"checks.R",2212,2212,2
"checks.R",2214,2214,6
"checks.R",2215,2215,6
"checks.R",2216,2216,6
"checks.R",2218,2218,6
"checks.R",2219,2219,0
"checks.R",2220,2220,3
"checks.R",2221,2221,3
"checks.R",2222,2222,0
"checks.R",2224,2224,3
"checks.R",2226,2226,0
"checks.R",2229,2229,0
"extract-procedure.R",83,12,114
"extract-procedure.R",89,17,4
"extract-procedure.R",90,18,4
"extract-procedure.R",91,19,4
"extract-procedure.R",92,20,4
"extract-procedure.R",93,21,4
"extract-procedure.R",94,22,4
"extract-procedure.R",99,26,95
"extract-procedure.R",100,27,93
"extract-procedure.R",105,31,18
"extract-procedure.R",106,32,16
"nested-final-fit-extract.R",58,25,21
"nested-final-fit-extract.R",74,40,8
"nested-final-fit-extract.R",75,41,8
"nested-final-fit-extract.R",76,42,8
"nested-final-fit-extract.R",77,43,8
"nested-final-fit-extract.R",78,44,8
"nested-final-fit-extract.R",79,45,8
"nested-final-fit-extract.R",84,49,15
"nested-final-fit-extract.R",85,50,13
"nested-final-fit-extract.R",86,51,12
"nested-final-fit-extract.R",130,55,21
"nested-final-fit-extract.R",136,60,6
"nested-final-fit-extract.R",137,61,6
"nested-final-fit-extract.R",138,62,6
"nested-final-fit-extract.R",139,63,6
"nested-final-fit-extract.R",140,64,6
"nested-final-fit-extract.R",141,65,6
"nested-final-fit-extract.R",146,69,17
"nested-final-fit-extract.R",147,70,15
"nested-final-fit-extract.R",152,75,14
"nested-final-fit-extract.R",161,84,28
"nested-final-fit-extract.R",162,85,26
"nested-final-fit-extract.R",164,87,2
"nested-final-fit-extract.R",165,88,2
"nested-final-fit-extract.R",166,89,2
"nested-final-fit-extract.R",167,90,2
"nested-final-fit-extract.R",168,91,2
"nested-final-fit-extract.R",169,92,2
"nested-final-fit-extract.R",170,93,2
"nested-final-fit-extract.R",171,94,2
"nested-final-fit-extract.R",172,95,2
"nested-final-fit-extract.R",173,96,2
"nested-final-fit-extract.R",174,97,2
"nested-final-fit-extract.R",175,98,2
"nested-final-fit-extract.R",193,116,18
"nested-final-fit-extract.R",194,117,18
"nested-final-fit-extract.R",195,118,18
"nested-final-fit-extract.R",196,119,18
"nested-final-fit-extract.R",197,120,18
"nested-final-fit-extract.R",198,121,18
"nested-final-fit-extract.R",199,122,18
"nested-final-fit-extract.R",200,123,18
"nested-final-fit-extract.R",201,124,18
"nested-final-fit-extract.R",202,125,18
"nested-final-fit-extract.R",203,126,18
"nested-final-fit-extract.R",204,127,18
"nested-final-fit-extract.R",205,128,18
"nested-final-fit-extract.R",206,129,18
"nested-final-fit-predict.R",85,28,41
"nested-final-fit-predict.R",86,29,41
"nested-final-fit-predict.R",87,30,41
"nested-final-fit-predict.R",88,31,41
"nested-final-fit-predict.R",89,32,41
"nested-final-fit-predict.R",90,33,41
"nested-final-fit-predict.R",91,34,41
"nested-final-fit-predict.R",98,38,9
"nested-final-fit-predict.R",99,39,7
"nested-final-fit-print.R",74,21,35
"nested-final-fit-print.R",75,22,34
"nested-final-fit-print.R",78,25,34
"nested-final-fit-print.R",79,26,34
"nested-final-fit-print.R",80,27,34
"nested-final-fit-print.R",84,31,34
"nested-final-fit-print.R",85,32,34
"nested-final-fit-print.R",86,33,34
"nested-final-fit-print.R",90,37,34
"nested-final-fit-print.R",91,38,3
"nested-final-fit-print.R",92,39,3
"nested-final-fit-print.R",93,40,3
"nested-final-fit-print.R",94,41,3
"nested-final-fit-print.R",95,42,3
"nested-final-fit-print.R",96,43,3
"nested-final-fit-print.R",97,44,3
"nested-final-fit-print.R",98,45,3
"nested-final-fit-print.R",100,47,31
"nested-final-fit-print.R",101,48,31
"nested-final-fit-print.R",102,49,31
"nested-final-fit-print.R",103,50,31
"nested-final-fit-print.R",104,51,31
"nested-final-fit-print.R",108,55,31
"nested-final-fit-print.R",109,56,31
"nested-final-fit-print.R",110,57,31
"nested-final-fit-print.R",111,58,31
"nested-final-fit-print.R",112,59,31
"nested-final-fit-print.R",113,60,31
"nested-final-fit-print.R",186,64,30
"nested-final-fit-print.R",187,65,29
"nested-final-fit-print.R",196,69,27
"nested-final-fit-print.R",197,70,26
"nested-final-fit-print.R",198,71,26
"nested-final-fit-print.R",199,72,26
"nested-final-fit-print.R",200,73,26
"nested-final-fit-print.R",201,74,26
"nested-final-fit-print.R",216,89,63
"nested-final-fit-print.R",217,90,63
"nested-final-fit-print.R",218,91,63
"nested-final-fit-print.R",219,92,63
"nested-final-fit-print.R",220,93,63
"nested-final-fit-print.R",221,94,63
"nested-final-fit-print.R",222,95,63
"nested-final-fit-print.R",223,96,63
"nested-final-fit-print.R",224,97,63
"nested-final-fit-print.R",225,98,63
"nested-final-fit-print.R",226,99,63
"nested-final-fit-print.R",227,100,63
"nested-final-fit-print.R",231,104,63
"nested-final-fit-print.R",232,105,63
"nested-final-fit-print.R",233,106,63
"nested-final-fit-print.R",234,107,63
"nested-final-fit-print.R",235,108,63
"nested-final-fit-print.R",236,109,63
"nested-final-fit-print.R",250,123,63
"nested-final-fit-print.R",251,124,63
"nested-final-fit-print.R",252,125,63
"nested-final-fit-print.R",253,126,63
"nested-final-fit-print.R",254,127,63
"nested-final-fit-print.R",255,128,63
"nested-final-fit-print.R",256,129,63
"nested-final-fit-print.R",257,130,51
"nested-final-fit-print.R",259,132,12
"nested-final-fit-print.R",260,133,12
"nested-final-fit-print.R",261,134,12
"nested-final-fit-print.R",262,135,12
"nested-final-fit-print.R",263,136,12
"nested-final-fit-print.R",264,137,12
"nested-final-fit-print.R",265,138,12
"nested-final-fit-print.R",276,149,60
"nested-final-fit-print.R",277,150,59
"nested-final-fit-print.R",278,151,60
"nested-final-fit-print.R",281,154,60
"nested-final-fit-print.R",282,155,6
"nested-final-fit-print.R",284,157,54
"nested-final-fit-print.R",285,158,12
"nested-final-fit-print.R",286,159,12
"nested-final-fit-print.R",287,160,12
"nested-final-fit-print.R",288,161,12
"nested-final-fit-print.R",289,162,12
"nested-final-fit-print.R",290,163,12
"nested-final-fit-print.R",291,164,12
"nested-final-fit-print.R",292,165,12
"nested-final-fit-print.R",293,166,12
"nested-final-fit-print.R",294,167,12
"nested-final-fit-print.R",296,169,42
"nested-final-fit-print.R",297,170,42
"nested-final-fit-print.R",298,171,42
"nested-final-fit-print.R",299,172,42
"nested-final-fit-print.R",300,173,42
"nested-final-fit-print.R",301,174,1
"nested-final-fit-print.R",310,183,63
"nested-final-fit-print.R",311,184,63
"nested-final-fit-print.R",312,185,19
"nested-final-fit-print.R",314,187,44
"nested-final-fit-print.R",326,199,98
"nested-final-fit-print.R",327,200,98
"nested-final-fit-print.R",328,201,98
"nested-final-fit-print.R",329,202,98
"nested-final-fit-print.R",346,219,63
"nested-final-fit-print.R",347,220,63
"nested-final-fit-print.R",348,221,0
"nested-final-fit-print.R",349,222,63
"nested-final-fit-print.R",350,223,63
"nested-final-fit-print.R",351,224,0
"nested-final-fit-print.R",352,225,63
"nested-final-fit-print.R",353,226,63
"nested-final-fit-print.R",354,227,63
"nested-final-fit-print.R",363,236,35
"nested-final-fit-print.R",364,237,35
"nested-final-fit-print.R",365,238,3
"nested-final-fit-print.R",367,240,32
"nested-final-fit-print.R",368,241,32
"nested-final-fit-print.R",369,242,32
"nested-final-fit-print.R",370,243,32
"nested-final-fit-print.R",371,244,32
"nested-final-fit-print.R",372,245,32
"nested-final-fit-print.R",379,252,26
"nested-final-fit-print.R",380,253,22
"nested-final-fit-print.R",382,255,26
"nested-final-fit-print.R",385,258,26
"nested-final-fit-print.R",386,259,23
"nested-final-fit-print.R",388,261,26
"nested-final-fit-print.R",392,265,26
"nested-final-fit-print.R",393,266,26
"nested-final-fit-print.R",394,267,26
"nested-final-fit-print.R",395,268,4
"nested-final-fit-print.R",396,269,4
"nested-final-fit-print.R",398,271,22
"nested-final-fit-print.R",399,272,27
"nested-final-fit-print.R",401,274,22
"nested-final-fit-print.R",409,282,26
"nested-final-fit-print.R",410,283,26
"nested-final-fit-print.R",411,284,26
"nested-final-fit-print.R",412,285,26
"nested-final-fit-print.R",413,286,26
"nested-final-fit-print.R",414,287,26
"nested-final-fit-print.R",415,288,26
"nested-final-fit-print.R",416,289,26
"nested-final-fit-print.R",417,290,26
"nested-final-fit.R",275,16,185
"nested-final-fit.R",280,21,178
"nested-final-fit.R",281,22,12
"nested-final-fit.R",282,23,10
"nested-final-fit.R",283,24,8
"nested-final-fit.R",284,25,8
"nested-final-fit.R",285,26,166
"nested-final-fit.R",286,27,1
"nested-final-fit.R",288,29,173
"nested-final-fit.R",289,30,166
"nested-final-fit.R",290,31,149
"nested-final-fit.R",292,33,146
"nested-final-fit.R",297,38,146
"nested-final-fit.R",301,42,141
"nested-final-fit.R",302,43,141
"nested-final-fit.R",304,45,3
"nested-final-fit.R",311,52,140
"nested-final-fit.R",312,53,68
"nested-final-fit.R",317,58,136
"nested-final-fit.R",318,59,48
"nested-final-fit.R",325,66,134
"nested-final-fit.R",326,67,103
"nested-final-fit.R",328,69,103
"nested-final-fit.R",330,71,103
"nested-final-fit.R",331,72,103
"nested-final-fit.R",336,77,103
"nested-final-fit.R",337,78,103
"nested-final-fit.R",338,79,103
"nested-final-fit.R",339,80,103
"nested-final-fit.R",341,82,103
"nested-final-fit.R",343,84,103
"nested-final-fit.R",344,85,103
"nested-final-fit.R",345,86,103
"nested-final-fit.R",346,87,103
"nested-final-fit.R",347,88,103
"nested-final-fit.R",348,89,103
"nested-final-fit.R",349,90,103
"nested-final-fit.R",350,91,103
"nested-final-fit.R",351,92,103
"nested-final-fit.R",352,93,103
"nested-final-fit.R",353,94,103
"nested-final-fit.R",354,95,103
"nested-final-fit.R",355,96,103
"nested-final-fit.R",356,97,103
"nested-final-fit.R",357,98,103
"nested-final-fit.R",390,131,102
"nested-final-fit.R",397,138,102
"nested-final-fit.R",398,139,22
"nested-final-fit.R",399,140,22
"nested-final-fit.R",400,141,22
"nested-final-fit.R",401,142,22
"nested-final-fit.R",402,143,22
"nested-final-fit.R",403,144,22
"nested-final-fit.R",404,145,22
"nested-final-fit.R",405,146,22
"nested-final-fit.R",406,147,22
"nested-final-fit.R",407,148,22
"nested-final-fit.R",408,149,22
"nested-final-fit.R",409,150,22
"nested-final-fit.R",410,151,22
"nested-final-fit.R",411,152,22
"nested-final-fit.R",412,153,22
"nested-final-fit.R",413,154,22
"nested-final-fit.R",414,155,22
"nested-final-fit.R",415,156,22
"nested-final-fit.R",423,164,80
"nested-final-fit.R",424,165,80
"nested-final-fit.R",425,166,74
"nested-final-fit.R",426,167,74
"nested-final-fit.R",427,168,74
"nested-final-fit.R",428,169,74
"nested-final-fit.R",429,170,74
"nested-final-fit.R",430,171,74
"nested-final-fit.R",431,172,74
"nested-final-fit.R",432,173,74
"nested-final-fit.R",433,174,74
"nested-final-fit.R",434,175,74
"nested-final-fit.R",435,176,74
"nested-final-fit.R",438,179,73
"nested-final-fit.R",443,184,73
"nested-final-fit.R",444,185,73
"nested-final-fit.R",446,187,73
"nested-final-fit.R",447,188,73
"nested-final-fit.R",452,193,73
"nested-final-fit.R",453,194,73
"nested-final-fit.R",454,195,73
"nested-final-fit.R",455,196,73
"nested-final-fit.R",456,197,73
"nested-final-fit.R",457,198,73
"nested-final-fit.R",458,199,73
"nested-final-fit.R",459,200,73
"nested-final-fit.R",460,201,73
"nested-final-fit.R",461,202,73
"nested-final-fit.R",476,217,95
"nested-final-fit.R",477,218,95
"nested-final-fit.R",478,219,95
"nested-final-fit.R",479,220,95
"nested-final-fit.R",480,221,95
"nested-final-fit.R",481,222,95
"nested-final-fit.R",482,223,95
"nested-final-fit.R",483,224,95
"nested-final-fit.R",484,225,95
"nested-final-fit.R",485,226,95
"nested-final-fit.R",486,227,95
"nested-final-fit.R",492,231,59
"nested-final-fit.R",493,232,58
"nested-final-fit.R",524,238,3
"nested-final-fit.R",525,239,1
"nested-final-fit.R",532,243,3
"nested-final-fit.R",533,244,1
"nested-final-fit.R",540,248,6
"nested-final-fit.R",541,249,4
"nested-final-fit.R",548,253,3
"nested-final-fit.R",549,254,1
"nested-final-fit.R",556,258,3
"nested-final-fit.R",557,259,1
"nested-final-fit.R",564,263,3
"nested-final-fit.R",565,264,1
"nested-final-fit.R",572,268,3
"nested-final-fit.R",573,269,1
"nested-fit-resamples.R",154,2,142
"nested-fit-resamples.R",160,6,3
"nested-fit-resamples.R",175,19,9
"nested-fit-resamples.R",176,20,5
"nested-fit-resamples.R",177,21,4
"nested-fit-resamples.R",178,22,4
"nested-fit-resamples.R",179,23,4
"nested-fit-resamples.R",180,24,4
"nested-fit-resamples.R",181,25,4
"nested-fit-resamples.R",182,26,4
"nested-fit-resamples.R",183,27,4
"nested-fit-resamples.R",184,28,4
"nested-fit-resamples.R",197,39,129
"nested-fit-resamples.R",198,40,129
"nested-fit-resamples.R",199,41,126
"nested-fit-resamples.R",200,42,125
"nested-fit-resamples.R",201,43,122
"nested-fit-resamples.R",204,46,121
"nested-fit-resamples.R",205,47,119
"nested-fit-resamples.R",206,48,115
"nested-fit-resamples.R",207,49,113
"nested-fit-resamples.R",208,50,112
"nested-fit-resamples.R",209,51,111
"nested-fit-resamples.R",215,57,108
"nested-fit-resamples.R",216,58,108
"nested-fit-resamples.R",217,59,108
"nested-fit-resamples.R",218,60,108
"nested-fit-resamples.R",219,61,108
"nested-fit-resamples.R",220,62,108
"nested-fit-resamples.R",221,63,108
"nested-fit-resamples.R",222,64,108
"nested-fit-resamples.R",223,65,108
"nested-fit-resamples.R",224,66,108
"nested-fit-resamples.R",225,67,108
"nested-fit-resamples.R",226,68,108
"nested-fit-resamples.R",227,69,108
"nested-resamples.R",91,2,930
"nested-resamples.R",92,3,929
"nested-resamples.R",93,4,929
"nested-resamples.R",95,6,929
"nested-resamples.R",96,7,1
"nested-resamples.R",97,8,1
"nested-resamples.R",98,9,1
"nested-resamples.R",101,12,928
"nested-resamples.R",102,13,928
"nested-resamples.R",103,14,920
"nested-resamples.R",105,16,924
"nested-resamples.R",106,17,1
"nested-resamples.R",107,18,1
"nested-resamples.R",108,19,1
"nested-resamples.R",109,20,1
"nested-resamples.R",117,28,923
"nested-resamples.R",118,29,2
"nested-resamples.R",119,30,2
"nested-resamples.R",120,31,2
"nested-resamples.R",121,32,2
"nested-resamples.R",122,33,2
"nested-resamples.R",123,34,2
"nested-resamples.R",124,35,2
"nested-resamples.R",125,36,2
"nested-resamples.R",126,37,2
"nested-resamples.R",128,39,921
"nested-resamples.R",129,40,2
"nested-resamples.R",130,41,2
"nested-resamples.R",131,42,2
"nested-resamples.R",132,43,2
"nested-resamples.R",133,44,2
"nested-resamples.R",134,45,2
"nested-resamples.R",135,46,2
"nested-resamples.R",138,49,919
"nested-resamples.R",139,50,919
"nested-resamples.R",140,51,1
"nested-resamples.R",141,52,1
"nested-resamples.R",142,53,1
"nested-resamples.R",143,54,1
"nested-resamples.R",144,55,1
"nested-resamples.R",145,56,1
"nested-resamples.R",148,59,918
"nested-resamples.R",149,60,918
"nested-resamples.R",150,61,918
"nested-resamples.R",151,62,918
"nested-resamples.R",152,63,918
"nested-resamples.R",153,64,918
"nested-resamples.R",154,65,918
"nested-resamples.R",155,66,918
"nested-resamples.R",157,68,913
"nested-resamples.R",158,69,913
"nested-resamples.R",159,70,913
"nested-resamples.R",160,71,913
"nested-resamples.R",161,72,913
"nested-resamples.R",162,73,913
"nested-resamples.R",172,83,2730
"nested-resamples.R",173,84,2730
"nested-resamples.R",179,90,2730
"nested-resamples.R",180,91,2728
"nested-resamples.R",181,92,3
"nested-resamples.R",182,93,3
"nested-resamples.R",183,94,3
"nested-resamples.R",184,95,3
"nested-resamples.R",185,96,3
"nested-resamples.R",186,97,3
"nested-resamples.R",187,98,3
"nested-resamples.R",188,99,3
"nested-resamples.R",189,100,3
"nested-resamples.R",190,101,3
"nested-resamples.R",202,113,2725
"nested-resamples.R",203,114,2725
"nested-resamples.R",204,115,2725
"nested-resamples.R",205,116,2725
"nested-resamples.R",206,117,2725
"nested-resamples.R",207,118,2725
"nested-resamples.R",208,119,2725
"nested-resamples.R",214,125,2725
"nested-resamples.R",215,126,2725
"nested-resamples.R",216,127,2725
"nested-resamples.R",217,128,2725
"nested-resamples.R",218,129,2725
"nested-resamples.R",248,159,1052
"nested-resamples.R",249,160,1052
"nested-resamples.R",250,161,2
"nested-resamples.R",252,163,1050
"nested-resamples.R",253,164,1050
"nested-resamples.R",254,165,1050
"nested-resamples.R",255,166,1050
"nested-resamples.R",256,167,1050
"nested-resamples.R",257,168,1050
"nested-resamples.R",258,169,106
"nested-resamples.R",264,175,944
"nested-resamples.R",265,176,944
"nested-resamples.R",266,177,124
"nested-resamples.R",267,178,944
"nested-resamples.R",268,179,944
"nested-resamples.R",269,180,0
"nested-resamples.R",270,181,944
"nested-resamples.R",271,182,944
"nested-resamples.R",272,183,944
"nested-resamples.R",273,184,2869
"nested-resamples.R",274,185,2869
"nested-resamples.R",275,186,2869
"nested-resamples.R",276,187,2869
"nested-resamples.R",277,188,0
"nested-resamples.R",279,190,2869
"nested-resamples.R",280,191,2869
"nested-resamples.R",281,192,2869
"nested-resamples.R",288,199,944
"nested-resamples.R",289,200,13
"nested-resamples.R",291,202,931
"nested-resamples.R",292,203,931
"nested-resamples.R",293,204,931
"nested-resamples.R",294,205,931
"nested-resamples.R",295,206,931
"nested-resamples.R",299,210,931
"nested-resamples.R",300,211,931
"nested-resamples.R",301,212,931
"nested-resamples.R",302,213,931
"nested-resamples.R",303,214,931
"nested-resamples.R",316,227,3650
"nested-resamples.R",317,228,3650
"nested-resamples.R",318,229,3650
"nested-resamples.R",319,230,3650
"nested-resamples.R",320,231,3650
"nested-resamples.R",321,232,3650
"nested-resamples.R",322,233,3650
"nested-resamples.R",323,234,3650
"nested-resamples.R",324,235,3650
"nested-resamples.R",325,236,6
"nested-resamples.R",326,237,6
"nested-resamples.R",327,238,6
"nested-resamples.R",328,239,6
"nested-resamples.R",329,240,6
"nested-resamples.R",330,241,6
"nested-resamples.R",331,242,6
"nested-resamples.R",332,243,6
"nested-resamples.R",334,245,3644
"nested-resamples.R",340,251,1026
"nested-results-agreement.R",61,11,103
"nested-results-agreement.R",66,15,5
"nested-results-agreement.R",71,20,4
"nested-results-agreement.R",76,24,70
"nested-results-agreement.R",77,25,68
"nested-results-agreement.R",78,26,67
"nested-results-agreement.R",80,28,65
"nested-results-agreement.R",81,29,65
"nested-results-agreement.R",82,30,65
"nested-results-agreement.R",83,31,65
"nested-results-agreement.R",84,32,65
"nested-results-agreement.R",85,33,3
"nested-results-agreement.R",86,34,3
"nested-results-agreement.R",87,35,3
"nested-results-agreement.R",88,36,3
"nested-results-agreement.R",89,37,3
"nested-results-agreement.R",90,38,3
"nested-results-agreement.R",91,39,3
"nested-results-agreement.R",92,40,3
"nested-results-agreement.R",94,42,62
"nested-results-agreement.R",95,43,21
"nested-results-agreement.R",104,52,41
"nested-results-agreement.R",105,53,41
"nested-results-agreement.R",106,54,41
"nested-results-agreement.R",107,55,41
"nested-results-agreement.R",108,56,41
"nested-results-agreement.R",109,57,41
"nested-results-agreement.R",115,63,41
"nested-results-agreement.R",116,64,41
"nested-results-agreement.R",118,66,41
"nested-results-agreement.R",119,67,41
"nested-results-agreement.R",120,68,41
"nested-results-agreement.R",121,69,41
"nested-results-agreement.R",128,73,31
"nested-results-agreement.R",136,81,29
"nested-results-agreement.R",137,82,23
"nested-results-agreement.R",138,83,23
"nested-results-agreement.R",139,84,23
"nested-results-agreement.R",147,92,4
"nested-results-agreement.R",148,93,4
"nested-results-agreement.R",149,94,4
"nested-results-agreement.R",150,95,4
"nested-results-agreement.R",151,96,4
"nested-results-agreement.R",152,97,4
"nested-results-agreement.R",153,98,4
"nested-results-agreement.R",154,99,4
"nested-results-agreement.R",155,100,4
"nested-results-collect.R",86,14,121
"nested-results-collect.R",91,18,5
"nested-results-collect.R",95,22,3
"nested-results-collect.R",101,26,86
"nested-results-collect.R",102,27,85
"nested-results-collect.R",103,28,84
"nested-results-collect.R",104,29,83
"nested-results-collect.R",105,30,83
"nested-results-collect.R",106,31,83
"nested-results-collect.R",107,32,83
"nested-results-collect.R",108,33,83
"nested-results-collect.R",109,34,83
"nested-results-collect.R",115,38,89
"nested-results-collect.R",120,42,4
"nested-results-collect.R",121,43,3
"nested-results-collect.R",122,44,3
"nested-results-collect.R",123,45,3
"nested-results-collect.R",124,46,3
"nested-results-collect.R",125,47,3
"nested-results-collect.R",131,51,62
"nested-results-collect.R",132,52,60
"nested-results-collect.R",133,53,59
"nested-results-collect.R",134,54,59
"nested-results-collect.R",135,55,59
"nested-results-collect.R",136,56,59
"nested-results-collect.R",137,57,59
"nested-results-collect.R",138,58,59
"nested-results-collect.R",139,59,59
"nested-results-collect.R",145,63,67
"nested-results-collect.R",146,64,65
"nested-results-collect.R",147,65,65
"nested-results-collect.R",148,66,65
"nested-results-collect.R",149,67,65
"nested-results-collect.R",150,68,65
"nested-results-collect.R",151,69,65
"nested-results-collect.R",158,76,6
"nested-results-collect.R",159,77,6
"nested-results-collect.R",160,78,6
"nested-results-collect.R",161,79,6
"nested-results-collect.R",162,80,6
"nested-results-collect.R",163,81,6
"nested-results-collect.R",164,82,6
"nested-results-collect.R",165,83,6
"nested-results-collect.R",166,84,6
"nested-results-collect.R",249,96,50
"nested-results-collect.R",250,97,48
"nested-results-collect.R",251,98,47
"nested-results-collect.R",252,99,42
"nested-results-collect.R",253,100,41
"nested-results-collect.R",254,101,41
"nested-results-collect.R",255,102,41
"nested-results-collect.R",256,103,41
"nested-results-collect.R",257,104,41
"nested-results-collect.R",258,105,41
"nested-results-collect.R",264,109,36
"nested-results-collect.R",265,110,34
"nested-results-collect.R",266,111,33
"nested-results-collect.R",267,112,27
"nested-results-collect.R",273,118,26
"nested-results-collect.R",274,119,26
"nested-results-collect.R",275,120,26
"nested-results-collect.R",276,121,26
"nested-results-collect.R",277,122,26
"nested-results-collect.R",278,123,26
"nested-results-collect.R",279,124,26
"nested-results-collect.R",280,125,26
"nested-results-collect.R",378,147,73
"nested-results-collect.R",379,148,71
"nested-results-collect.R",380,149,71
"nested-results-collect.R",381,150,68
"nested-results-collect.R",383,152,53
"nested-results-collect.R",384,153,0
"nested-results-collect.R",386,155,68
"nested-results-collect.R",387,156,67
"nested-results-collect.R",388,157,66
"nested-results-collect.R",389,158,63
"nested-results-collect.R",391,160,51
"nested-results-collect.R",392,161,51
"nested-results-collect.R",393,162,51
"nested-results-collect.R",394,163,51
"nested-results-collect.R",395,164,51
"nested-results-collect.R",396,165,51
"nested-results-collect.R",397,166,51
"nested-results-collect.R",398,167,49
"nested-results-collect.R",400,169,48
"nested-results-collect.R",401,170,48
"nested-results-collect.R",402,171,1
"nested-results-collect.R",403,172,48
"nested-results-collect.R",404,173,48
"nested-results-collect.R",405,174,48
"nested-results-collect.R",406,175,48
"nested-results-collect.R",407,176,48
"nested-results-collect.R",408,177,14
"nested-results-collect.R",410,179,34
"nested-results-collect.R",414,183,71
"nested-results-collect.R",415,184,68
"nested-results-collect.R",417,186,3
"nested-results-collect.R",418,187,3
"nested-results-collect.R",419,188,3
"nested-results-collect.R",420,189,3
"nested-results-collect.R",421,190,3
"nested-results-collect.R",422,191,3
"nested-results-collect.R",423,192,3
"nested-results-collect.R",424,193,3
"nested-results-collect.R",431,200,51
"nested-results-collect.R",432,201,51
"nested-results-collect.R",433,202,51
"nested-results-collect.R",434,203,51
"nested-results-collect.R",435,204,51
"nested-results-collect.R",448,217,51
"nested-results-collect.R",449,218,51
"nested-results-collect.R",450,219,51
"nested-results-collect.R",451,220,51
"nested-results-collect.R",452,221,51
"nested-results-collect.R",453,222,51
"nested-results-collect.R",454,223,51
"nested-results-collect.R",455,224,0
"nested-results-collect.R",456,225,18
"nested-results-collect.R",457,226,51
"nested-results-collect.R",458,227,22
"nested-results-collect.R",459,228,0
"nested-results-collect.R",460,229,51
"nested-results-collect.R",461,230,22
"nested-results-collect.R",462,231,51
"nested-results-collect.R",463,232,51
"nested-results-collect.R",464,233,1
"nested-results-collect.R",465,234,0
"nested-results-collect.R",466,235,0
"nested-results-collect.R",467,236,0
"nested-results-collect.R",469,238,0
"nested-results-collect.R",470,239,51
"nested-results-collect.R",471,240,51
"nested-results-collect.R",472,241,51
"nested-results-collect.R",473,242,51
"nested-results-collect.R",474,243,49
"nested-results-collect.R",476,245,2
"nested-results-collect.R",477,246,2
"nested-results-collect.R",478,247,2
"nested-results-collect.R",479,248,2
"nested-results-collect.R",480,249,2
"nested-results-collect.R",481,250,2
"nested-results-collect.R",482,251,2
"nested-results-collect.R",483,252,2
"nested-results-collect.R",484,253,2
"nested-results-collect.R",485,254,2
"nested-results-collect.R",486,255,2
"nested-results-collect.R",487,256,2
"nested-results-collect.R",493,262,219
"nested-results-collect.R",494,263,219
"nested-results-collect.R",495,264,219
"nested-results-collect.R",496,265,219
"nested-results-collect.R",497,266,219
"nested-results-collect.R",503,272,152
"nested-results-collect.R",504,273,152
"nested-results-collect.R",505,274,0
"nested-results-collect.R",506,275,152
"nested-results-collect.R",507,276,152
"nested-results-collect.R",508,277,152
"nested-results-collect.R",509,278,152
"nested-results-collect.R",510,279,152
"nested-results-collect.R",511,280,152
"nested-results-collect.R",512,281,152
"nested-results-collect.R",513,282,152
"nested-results-collect.R",515,284,152
"nested-results-collect.R",516,285,78
"nested-results-collect.R",517,286,78
"nested-results-collect.R",518,287,78
"nested-results-collect.R",519,288,78
"nested-results-collect.R",520,289,78
"nested-results-collect.R",521,290,78
"nested-results-collect.R",523,292,78
"nested-results-collect.R",525,294,78
"nested-results-collect.R",526,295,78
"nested-results-collect.R",527,296,78
"nested-results-collect.R",528,297,78
"nested-results-collect.R",529,298,78
"nested-results-collect.R",530,299,78
"nested-results-collect.R",531,300,78
"nested-results-collect.R",532,301,78
"nested-results-collect.R",534,303,74
"nested-results-collect.R",535,304,6
"nested-results-collect.R",536,305,6
"nested-results-collect.R",537,306,6
"nested-results-collect.R",538,307,0
"nested-results-collect.R",539,308,6
"nested-results-collect.R",540,309,0
"nested-results-collect.R",541,310,6
"nested-results-collect.R",542,311,0
"nested-results-collect.R",543,312,6
"nested-results-collect.R",544,313,6
"nested-results-collect.R",545,314,6
"nested-results-collect.R",546,315,6
"nested-results-collect.R",547,316,6
"nested-results-collect.R",548,317,6
"nested-results-collect.R",549,318,6
"nested-results-collect.R",550,319,6
"nested-results-collect.R",551,320,6
"nested-results-collect.R",552,321,6
"nested-results-collect.R",553,322,6
"nested-results-collect.R",554,323,6
"nested-results-collect.R",555,324,6
"nested-results-collect.R",556,325,6
"nested-results-collect.R",557,326,6
"nested-results-collect.R",559,328,68
"nested-results-collect.R",560,329,0
"nested-results-collect.R",561,330,68
"nested-results-collect.R",562,331,68
"nested-results-collect.R",563,332,68
"nested-results-collect.R",564,333,68
"nested-results-collect.R",565,334,68
"nested-results-collect.R",566,335,68
"nested-results-collect.R",567,336,68
"nested-results-collect.R",568,337,68
"nested-results-collect.R",569,338,68
"nested-results-collect.R",658,352,42
"nested-results-collect.R",659,353,40
"nested-results-collect.R",660,354,40
"nested-results-collect.R",661,355,39
"nested-results-collect.R",662,356,36
"nested-results-collect.R",663,357,36
"nested-results-collect.R",664,358,31
"nested-results-collect.R",665,359,17
"nested-results-collect.R",666,360,17
"nested-results-collect.R",667,361,17
"nested-results-collect.R",668,362,17
"nested-results-collect.R",669,363,17
"nested-results-collect.R",670,364,17
"nested-results-collect.R",671,365,17
"nested-results-collect.R",672,366,17
"nested-results-collect.R",673,367,17
"nested-results-collect.R",674,368,1
"nested-results-collect.R",675,369,1
"nested-results-collect.R",676,370,1
"nested-results-collect.R",677,371,1
"nested-results-collect.R",678,372,1
"nested-results-collect.R",679,373,1
"nested-results-collect.R",680,374,1
"nested-results-collect.R",681,375,1
"nested-results-collect.R",682,376,1
"nested-results-collect.R",684,378,16
"nested-results-collect.R",686,380,16
"nested-results-collect.R",687,381,16
"nested-results-collect.R",688,382,16
"nested-results-collect.R",689,383,16
"nested-results-collect.R",690,384,16
"nested-results-collect.R",691,385,16
"nested-results-collect.R",692,386,16
"nested-results-collect.R",693,387,16
"nested-results-collect.R",694,388,16
"nested-results-collect.R",697,391,16
"nested-results-collect.R",698,392,16
"nested-results-collect.R",699,393,16
"nested-results-collect.R",712,406,36
"nested-results-collect.R",713,407,36
"nested-results-collect.R",714,408,36
"nested-results-collect.R",715,409,31
"nested-results-collect.R",717,411,5
"nested-results-collect.R",718,412,5
"nested-results-collect.R",721,415,5
"nested-results-collect.R",722,416,2
"nested-results-collect.R",723,417,2
"nested-results-collect.R",724,418,2
"nested-results-collect.R",725,419,2
"nested-results-collect.R",726,420,2
"nested-results-collect.R",727,421,2
"nested-results-collect.R",728,422,2
"nested-results-collect.R",729,423,2
"nested-results-collect.R",730,424,2
"nested-results-collect.R",731,425,2
"nested-results-collect.R",732,426,2
"nested-results-collect.R",733,427,2
"nested-results-collect.R",734,428,2
"nested-results-collect.R",738,432,3
"nested-results-collect.R",739,433,1
"nested-results-collect.R",740,434,1
"nested-results-collect.R",741,435,1
"nested-results-collect.R",742,436,3
"nested-results-collect.R",743,437,2
"nested-results-collect.R",744,438,2
"nested-results-collect.R",745,439,3
"nested-results-collect.R",746,440,3
"nested-results-collect.R",747,441,3
"nested-results-collect.R",748,442,3
"nested-results-collect.R",749,443,3
"nested-results-collect.R",750,444,3
"nested-results-collect.R",751,445,3
"nested-results-collect.R",752,446,3
"nested-results-collect.R",753,447,3
"nested-results-collect.R",754,448,3
"nested-results-collect.R",755,449,3
"nested-results-collect.R",756,450,3
"nested-results-collect.R",769,463,94
"nested-results-collect.R",770,464,94
"nested-results-collect.R",771,465,94
"nested-results-collect.R",772,466,94
"nested-results-collect.R",773,467,94
"nested-results-collect.R",774,468,94
"nested-results-collect.R",775,469,94
"nested-results-collect.R",776,470,94
"nested-results-collect.R",777,471,68
"nested-results-collect.R",779,473,26
"nested-results-collect.R",780,474,26
"nested-results-collect.R",781,475,26
"nested-results-collect.R",782,476,26
"nested-results-collect.R",783,477,26
"nested-results-collect.R",784,478,26
"nested-results-collect.R",785,479,26
"nested-results-collect.R",786,480,26
"nested-results-collect.R",787,481,26
"nested-results-collect.R",788,482,26
"nested-results-collect.R",789,483,26
"nested-results-collect.R",790,484,26
"nested-results-collect.R",791,485,26
"nested-results-collect.R",795,489,276
"nested-results-collect.R",796,490,276
"nested-results-collect.R",797,491,8
"nested-results-collect.R",799,493,268
"nested-results-collect.R",800,494,268
"nested-results-collect.R",801,495,268
"nested-results-collect.R",802,496,268
"nested-results-collect.R",817,511,185
"nested-results-collect.R",818,512,185
"nested-results-collect.R",819,513,185
"nested-results-collect.R",820,514,2
"nested-results-collect.R",821,515,185
"nested-results-collect.R",822,516,185
"nested-results-collect.R",823,517,183
"nested-results-collect.R",824,518,151
"nested-results-collect.R",825,519,32
"nested-results-collect.R",826,520,185
"nested-results-collect.R",827,521,185
"nested-results-collect.R",828,522,185
"nested-results-collect.R",829,523,168
"nested-results-collect.R",831,525,17
"nested-results-collect.R",832,526,17
"nested-results-collect.R",833,527,1
"nested-results-collect.R",834,528,1
"nested-results-collect.R",835,529,1
"nested-results-collect.R",836,530,1
"nested-results-collect.R",837,531,1
"nested-results-collect.R",838,532,1
"nested-results-collect.R",839,533,1
"nested-results-collect.R",840,534,1
"nested-results-collect.R",841,535,1
"nested-results-collect.R",843,537,16
"nested-results-collect.R",844,538,16
"nested-results-collect.R",845,539,16
"nested-results-collect.R",846,540,16
"nested-results-collect.R",847,541,16
"nested-results-collect.R",848,542,16
"nested-results-collect.R",849,543,16
"nested-results-collect.R",850,544,0
"nested-results-collect.R",851,545,16
"nested-results-collect.R",852,546,16
"nested-results-collect.R",853,547,16
"nested-results-collect.R",854,548,16
"nested-results-collect.R",855,549,16
"nested-results-collect.R",856,550,16
"nested-results-collect.R",857,551,16
"nested-results-collect.R",858,552,16
"nested-results-collect.R",859,553,16
"nested-results-collect.R",860,554,16
"nested-results-collect.R",861,555,16
"nested-results-collect.R",862,556,16
"nested-results-collect.R",863,557,16
"nested-results-collect.R",864,558,16
"nested-results-collect.R",865,559,16
"nested-results-collect.R",866,560,16
"nested-results-collect.R",867,561,16
"nested-results-collect.R",868,562,16
"nested-results-plot.R",91,21,78
"nested-results-plot.R",92,22,77
"nested-results-plot.R",93,23,72
"nested-results-plot.R",94,24,67
"nested-results-plot.R",95,25,63
"nested-results-plot.R",98,28,63
"nested-results-plot.R",99,29,28
"nested-results-plot.R",100,30,35
"nested-results-plot.R",105,35,28
"nested-results-plot.R",106,36,28
"nested-results-plot.R",109,39,4
"nested-results-plot.R",110,40,4
"nested-results-plot.R",111,41,4
"nested-results-plot.R",112,42,4
"nested-results-plot.R",113,43,4
"nested-results-plot.R",114,44,4
"nested-results-plot.R",115,45,4
"nested-results-plot.R",116,46,4
"nested-results-plot.R",117,47,4
"nested-results-plot.R",118,48,4
"nested-results-plot.R",121,51,24
"nested-results-plot.R",122,52,24
"nested-results-plot.R",123,53,24
"nested-results-plot.R",124,54,24
"nested-results-plot.R",125,55,24
"nested-results-plot.R",126,56,24
"nested-results-plot.R",127,57,24
"nested-results-plot.R",130,60,24
"nested-results-plot.R",131,61,24
"nested-results-plot.R",132,62,24
"nested-results-plot.R",133,63,24
"nested-results-plot.R",134,64,24
"nested-results-plot.R",135,65,24
"nested-results-plot.R",136,66,24
"nested-results-plot.R",155,85,34
"nested-results-plot.R",156,86,4
"nested-results-plot.R",158,88,30
"nested-results-plot.R",159,89,30
"nested-results-plot.R",160,90,30
"nested-results-plot.R",161,91,30
"nested-results-plot.R",162,92,30
"nested-results-plot.R",163,93,30
"nested-results-plot.R",164,94,30
"nested-results-plot.R",165,95,2
"nested-results-plot.R",167,97,28
"nested-results-plot.R",171,101,28
"nested-results-plot.R",172,102,28
"nested-results-plot.R",173,103,28
"nested-results-plot.R",178,108,26
"nested-results-plot.R",179,109,28
"nested-results-plot.R",180,110,28
"nested-results-plot.R",181,111,28
"nested-results-plot.R",201,131,90
"nested-results-plot.R",202,132,90
"nested-results-plot.R",203,133,90
"nested-results-plot.R",204,134,90
"nested-results-plot.R",205,135,146
"nested-results-plot.R",206,136,0
"nested-results-plot.R",208,138,146
"nested-results-plot.R",209,139,146
"nested-results-plot.R",210,140,46
"nested-results-plot.R",212,142,100
"nested-results-plot.R",213,143,100
"nested-results-plot.R",214,144,90
"nested-results-plot.R",215,145,90
"nested-results-plot.R",218,148,90
"nested-results-plot.R",222,152,64
"nested-results-plot.R",223,153,64
"nested-results-plot.R",224,154,64
"nested-results-plot.R",225,155,64
"nested-results-plot.R",226,156,64
"nested-results-plot.R",235,165,35
"nested-results-plot.R",236,166,35
"nested-results-plot.R",237,167,35
"nested-results-plot.R",238,168,35
"nested-results-plot.R",239,169,35
"nested-results-plot.R",240,170,35
"nested-results-plot.R",241,171,30
"nested-results-plot.R",246,176,30
"nested-results-plot.R",247,177,30
"nested-results-plot.R",248,178,30
"nested-results-plot.R",249,179,30
"nested-results-plot.R",256,186,30
"nested-results-plot.R",262,192,30
"nested-results-plot.R",263,193,30
"nested-results-plot.R",264,194,30
"nested-results-plot.R",265,195,30
"nested-results-plot.R",266,196,30
"nested-results-plot.R",267,197,30
"nested-results-plot.R",268,198,30
"nested-results-plot.R",269,199,30
"nested-results-plot.R",270,200,30
"nested-results-plot.R",271,201,30
"nested-results-plot.R",272,202,30
"nested-results-plot.R",273,203,30
"nested-results-plot.R",274,204,30
"nested-results-plot.R",275,205,30
"nested-results-plot.R",277,207,30
"nested-results-plot.R",278,208,30
"nested-results-plot.R",279,209,30
"nested-results-plot.R",280,210,30
"nested-results-plot.R",281,211,30
"nested-results-plot.R",283,213,30
"nested-results-plot.R",284,214,30
"nested-results-plot.R",285,215,30
"nested-results-plot.R",286,216,30
"nested-results-plot.R",287,217,30
"nested-results-plot.R",288,218,30
"nested-results-plot.R",289,219,30
"nested-results-plot.R",290,220,30
"nested-results-plot.R",296,226,30
"nested-results-plot.R",297,227,30
"nested-results-plot.R",298,228,30
"nested-results-plot.R",299,229,30
"nested-results-plot.R",300,230,30
"nested-results-plot.R",301,231,30
"nested-results-plot.R",302,232,30
"nested-results-plot.R",307,237,30
"nested-results-plot.R",308,238,30
"nested-results-plot.R",309,239,30
"nested-results-plot.R",310,240,30
"nested-results-plot.R",311,241,30
"nested-results-plot.R",312,242,30
"nested-results-plot.R",313,243,30
"nested-results-plot.R",314,244,30
"nested-results-plot.R",324,254,54
"nested-results-plot.R",325,255,54
"nested-results-plot.R",326,256,54
"nested-results-plot.R",327,257,54
"nested-results-plot.R",328,258,54
"nested-results-plot.R",329,259,54
"nested-results-plot.R",330,260,54
"nested-results-plot.R",331,261,54
"nested-results-plot.R",332,262,54
"nested-results-plot.R",339,269,71
"nested-results-plot.R",340,270,71
"nested-results-plot.R",341,271,71
"nested-results-plot.R",342,272,71
"nested-results-plot.R",343,273,71
"nested-results-plot.R",344,274,71
"nested-results-plot.R",345,275,71
"nested-results-plot.R",346,276,71
"nested-results-plot.R",347,277,71
"nested-results-plot.R",354,284,30
"nested-results-plot.R",358,288,41
"nested-results-plot.R",375,305,59
"nested-results-plot.R",376,306,10
"nested-results-plot.R",377,307,10
"nested-results-plot.R",378,308,4
"nested-results-plot.R",379,309,4
"nested-results-plot.R",380,310,4
"nested-results-plot.R",381,311,4
"nested-results-plot.R",382,312,4
"nested-results-plot.R",383,313,4
"nested-results-plot.R",384,314,4
"nested-results-plot.R",385,315,4
"nested-results-plot.R",386,316,4
"nested-results-plot.R",387,317,4
"nested-results-plot.R",390,320,55
"nested-results-plot.R",391,321,9
"nested-results-plot.R",392,322,8
"nested-results-plot.R",393,323,9
"nested-results-plot.R",394,324,1
"nested-results-plot.R",395,325,9
"nested-results-plot.R",396,326,9
"nested-results-plot.R",397,327,9
"nested-results-plot.R",398,328,4
"nested-results-plot.R",399,329,4
"nested-results-plot.R",400,330,4
"nested-results-plot.R",401,331,4
"nested-results-plot.R",402,332,4
"nested-results-plot.R",403,333,3
"nested-results-plot.R",404,334,4
"nested-results-plot.R",405,335,1
"nested-results-plot.R",406,336,4
"nested-results-plot.R",407,337,4
"nested-results-plot.R",408,338,4
"nested-results-plot.R",409,339,4
"nested-results-plot.R",410,340,4
"nested-results-plot.R",413,343,51
"nested-results-plot.R",414,344,6
"nested-results-plot.R",416,346,51
"nested-results-plot.R",417,347,5
"nested-results-plot.R",418,348,5
"nested-results-plot.R",420,350,51
"nested-results-plot.R",428,358,148
"nested-results-plot.R",429,359,148
"nested-results-plot.R",430,360,106
"nested-results-plot.R",432,362,42
"nested-results-plot.R",433,363,42
"nested-results-plot.R",434,364,42
"nested-results-plot.R",435,365,42
"nested-results-plot.R",445,375,42
"nested-results-plot.R",446,376,42
"nested-results-plot.R",447,377,42
"nested-results-plot.R",448,378,42
"nested-results-plot.R",449,379,42
"nested-results-plot.R",450,380,60
"nested-results-plot.R",451,381,60
"nested-results-plot.R",452,382,2
"nested-results-plot.R",455,385,42
"nested-results-plot.R",463,393,148
"nested-results-plot.R",464,394,148
"nested-results-plot.R",465,395,148
"nested-results-plot.R",466,396,148
"nested-results-plot.R",467,397,148
"nested-results-plot.R",471,401,50
"nested-results-plot.R",472,402,50
"nested-results-plot.R",483,413,28
"nested-results-plot.R",484,414,28
"nested-results-plot.R",485,415,4
"nested-results-plot.R",487,417,24
"nested-results-plot.R",488,418,24
"nested-results-plot.R",489,419,24
"nested-results-plot.R",490,420,24
"nested-results-plot.R",491,421,24
"nested-results-plot.R",501,431,53
"nested-results-plot.R",502,432,53
"nested-results-plot.R",503,433,53
"nested-results-plot.R",504,434,12
"nested-results-plot.R",507,437,41
"nested-results-plot.R",508,438,41
"nested-results-plot.R",509,439,41
"nested-results-plot.R",510,440,41
"nested-results-plot.R",511,441,41
"nested-results-plot.R",512,442,44
"nested-results-plot.R",513,443,44
"nested-results-plot.R",514,444,44
"nested-results-plot.R",515,445,44
"nested-results-plot.R",516,446,44
"nested-results-plot.R",517,447,44
"nested-results-plot.R",519,449,41
"nested-results-plot.R",520,450,0
"nested-results-plot.R",528,458,41
"nested-results-plot.R",530,460,41
"nested-results-plot.R",531,461,41
"nested-results-plot.R",532,462,41
"nested-results-plot.R",533,463,41
"nested-results-plot.R",534,464,41
"nested-results-plot.R",535,465,41
"nested-results-plot.R",536,466,41
"nested-results-plot.R",549,479,44
"nested-results-plot.R",550,480,44
"nested-results-plot.R",551,481,10
"nested-results-plot.R",552,482,44
"nested-results-plot.R",553,483,44
"nested-results-plot.R",554,484,44
"nested-results-plot.R",555,485,0
"nested-results-plot.R",556,486,44
"nested-results-plot.R",557,487,44
"nested-results-plot.R",558,488,44
"nested-results-plot.R",570,500,34
"nested-results-plot.R",571,501,34
"nested-results-plot.R",572,502,34
"nested-results-plot.R",573,503,34
"nested-results-plot.R",574,504,34
"nested-results-plot.R",575,505,34
"nested-results-plot.R",576,506,30
"nested-results-plot.R",579,509,4
"nested-results-plot.R",580,510,4
"nested-results-plot.R",581,511,4
"nested-results-plot.R",582,512,4
"nested-results-plot.R",583,513,4
"nested-results-plot.R",584,514,4
"nested-results-plot.R",585,515,4
"nested-results-plot.R",586,516,4
"nested-results-plot.R",587,517,4
"nested-results-plot.R",588,518,4
"nested-results-plot.R",589,519,4
"nested-results-plot.R",601,529,43
"nested-results-plot.R",602,530,40
"nested-results-plot.R",603,531,36
"nested-results-plot.R",604,532,35
"nested-results-plot.R",606,534,35
"nested-results-plot.R",607,535,12
"nested-results-plot.R",608,536,23
"nested-results-plot.R",619,547,23
"nested-results-plot.R",623,551,23
"nested-results-plot.R",624,552,23
"nested-results-plot.R",625,553,23
"nested-results-plot.R",626,554,23
"nested-results-plot.R",627,555,23
"nested-results-plot.R",628,556,23
"nested-results-plot.R",629,557,23
"nested-results-plot.R",630,558,23
"nested-results-plot.R",631,559,23
"nested-results-plot.R",632,560,23
"nested-results-plot.R",635,563,22
"nested-results-plot.R",641,569,20
"nested-results-plot.R",642,570,20
"nested-results-plot.R",643,571,20
"nested-results-plot.R",644,572,20
"nested-results-plot.R",646,574,20
"nested-results-plot.R",647,575,20
"nested-results-plot.R",648,576,20
"nested-results-plot.R",649,577,20
"nested-results-plot.R",650,578,20
"nested-results-plot.R",651,579,20
"nested-results-plot.R",652,580,20
"nested-results-plot.R",653,581,20
"nested-results-plot.R",654,582,20
"nested-results-plot.R",655,583,20
"nested-results-plot.R",656,584,20
"nested-results-plot.R",657,585,20
"nested-results-plot.R",658,586,20
"nested-results-plot.R",665,593,20
"nested-results-plot.R",666,594,20
"nested-results-plot.R",667,595,20
"nested-results-plot.R",668,596,20
"nested-results-plot.R",671,599,20
"nested-results-plot.R",672,600,20
"nested-results-plot.R",673,601,20
"nested-results-plot.R",674,602,20
"nested-results-plot.R",675,603,20
"nested-results-plot.R",676,604,20
"nested-results-plot.R",677,605,20
"nested-results-plot.R",678,606,20
"nested-results-plot.R",679,607,20
"nested-results-plot.R",680,608,20
"nested-results-plot.R",681,609,20
"nested-results-plot.R",682,610,20
"nested-results-plot.R",683,611,20
"nested-results-plot.R",684,612,20
"nested-results-plot.R",685,613,20
"nested-results-plot.R",686,614,20
"nested-results-plot.R",688,616,20
"nested-results-plot.R",690,618,20
"nested-results-plot.R",691,619,20
"nested-results-plot.R",692,620,20
"nested-results-plot.R",693,621,20
"nested-results-plot.R",694,622,20
"nested-results-plot.R",695,623,20
"nested-results-plot.R",696,624,20
"nested-results-plot.R",697,625,20
"nested-results-plot.R",698,626,20
"nested-results-plot.R",699,627,20
"nested-results-plot.R",700,628,20
"nested-results-plot.R",701,629,20
"nested-results-plot.R",702,630,20
"nested-results-plot.R",703,631,20
"nested-results-plot.R",704,632,20
"nested-results-plot.R",705,633,20
"nested-results-plot.R",706,634,20
"nested-results-plot.R",707,635,20
"nested-results-plot.R",708,636,20
"nested-results-plot.R",709,637,20
"nested-results-plot.R",712,640,20
"nested-results-plot.R",713,641,20
"nested-results-plot.R",714,642,20
"nested-results-plot.R",715,643,20
"nested-results-plot.R",716,644,20
"nested-results-plot.R",717,645,20
"nested-results-plot.R",718,646,20
"nested-results-plot.R",719,647,20
"nested-results-plot.R",720,648,20
"nested-results-plot.R",721,649,20
"nested-results-plot.R",727,655,30
"nested-results-plot.R",728,656,30
"nested-results-plot.R",729,657,30
"nested-results-plot.R",730,658,30
"nested-results-plot.R",731,659,30
"nested-results-plot.R",732,660,30
"nested-results-plot.R",733,661,30
"nested-results-plot.R",734,662,30
"nested-results-plot.R",735,663,30
"nested-results-plot.R",736,664,30
"nested-results-plot.R",737,665,30
"nested-results-plot.R",738,666,30
"nested-results-plot.R",747,675,30
"nested-results-plot.R",748,676,30
"nested-results-plot.R",749,677,30
"nested-results-plot.R",750,678,18
"nested-results-plot.R",752,680,12
"nested-results-plot.R",753,681,12
"nested-results-plot.R",754,682,12
"nested-results-plot.R",755,683,12
"nested-results-plot.R",756,684,12
"nested-results-plot.R",757,685,12
"nested-results-plot.R",758,686,12
"nested-results-plot.R",759,687,12
"nested-results-plot.R",760,688,12
"nested-results-plot.R",775,703,20
"nested-results-plot.R",776,704,20
"nested-results-plot.R",777,705,20
"nested-results-plot.R",778,706,20
"nested-results-plot.R",779,707,20
"nested-results-plot.R",780,708,20
"nested-results-plot.R",781,709,20
"nested-results-plot.R",782,710,20
"nested-results-plot.R",783,711,20
"nested-results-plot.R",784,712,14
"nested-results-plot.R",786,714,6
"nested-results-plot.R",787,715,6
"nested-results-plot.R",788,716,6
"nested-results-plot.R",789,717,6
"nested-results-plot.R",790,718,6
"nested-results-plot.R",791,719,6
"nested-results-plot.R",792,720,6
"nested-results-plot.R",793,721,6
"nested-results-plot.R",794,722,6
"nested-results-plot.R",795,723,6
"nested-results-plot.R",796,724,6
"nested-results-plot.R",797,725,6
"nested-results-plot.R",803,731,20
"nested-results-plot.R",804,732,20
"nested-results-plot.R",805,733,20
"nested-results-plot.R",806,734,5
"nested-results-plot.R",807,735,20
"nested-results-plot.R",808,736,20
"nested-results-plot.R",809,737,20
"nested-results-plot.R",810,738,20
"nested-results-plot.R",811,739,20
"nested-results-plot.R",812,740,20
"nested-results-plot.R",817,745,79
"nested-results-plot.R",828,756,12
"nested-results-plot.R",829,757,12
"nested-results-plot.R",830,758,12
"nested-results-plot.R",831,759,12
"nested-results-plot.R",832,760,12
"nested-results-plot.R",833,761,12
"nested-results-plot.R",834,762,12
"nested-results-plot.R",837,765,8
"nested-results-plot.R",838,766,8
"nested-results-plot.R",839,767,8
"nested-results-plot.R",840,768,8
"nested-results-plot.R",841,769,8
"nested-results-plot.R",842,770,12
"nested-results-plot.R",843,771,12
"nested-results-plot.R",844,772,12
"nested-results-plot.R",845,773,12
"nested-results-plot.R",846,774,12
"nested-results-plot.R",847,775,12
"nested-results-plot.R",848,776,12
"nested-results-plot.R",849,777,12
"nested-results-plot.R",850,778,12
"nested-results-plot.R",851,779,12
"nested-results-plot.R",852,780,12
"nested-results-plot.R",853,781,11
"nested-results-plot.R",854,782,1
"nested-results-plot.R",855,783,1
"nested-results-plot.R",856,784,1
"nested-results-plot.R",857,785,1
"nested-results-plot.R",858,786,1
"nested-results-plot.R",859,787,1
"nested-results-plot.R",860,788,1
"nested-results-plot.R",861,789,1
"nested-results-plot.R",862,790,1
"nested-results-plot.R",863,791,1
"nested-results-plot.R",864,792,1
"nested-results-plot.R",870,798,10
"nested-results-plot.R",871,799,10
"nested-results-plot.R",872,800,10
"nested-results-plot.R",873,801,10
"nested-results-plot.R",874,802,10
"nested-results-plot.R",875,803,10
"nested-results-plot.R",876,804,10
"nested-results-plot.R",877,805,10
"nested-results-plot.R",878,806,10
"nested-results-plot.R",880,808,10
"nested-results-plot.R",881,809,10
"nested-results-plot.R",882,810,10
"nested-results-plot.R",883,811,10
"nested-results-plot.R",884,812,10
"nested-results-plot.R",885,813,10
"nested-results-plot.R",886,814,10
"nested-results-plot.R",887,815,10
"nested-results-plot.R",888,816,10
"nested-results-plot.R",889,817,10
"nested-results-plot.R",890,818,10
"nested-results-plot.R",891,819,10
"nested-results-plot.R",892,820,10
"nested-results-plot.R",893,821,10
"nested-results-plot.R",894,822,10
"nested-results-print.R",63,25,46
"nested-results-print.R",64,26,42
"nested-results-print.R",72,34,42
"nested-results-print.R",73,35,8
"nested-results-print.R",74,36,8
"nested-results-print.R",76,38,34
"nested-results-print.R",77,39,34
"nested-results-print.R",78,40,34
"nested-results-print.R",80,42,34
"nested-results-print.R",81,43,34
"nested-results-print.R",82,44,34
"nested-results-print.R",83,45,34
"nested-results-print.R",84,46,34
"nested-results-print.R",85,47,34
"nested-results-print.R",86,48,34
"nested-results-print.R",87,49,34
"nested-results-print.R",99,61,42
"nested-results-print.R",100,62,42
"nested-results-print.R",101,63,42
"nested-results-print.R",102,64,42
"nested-results-print.R",109,71,34
"nested-results-print.R",110,72,34
"nested-results-print.R",111,73,25
"nested-results-print.R",113,75,9
"nested-results-print.R",114,76,9
"nested-results-print.R",115,77,9
"nested-results-print.R",116,78,9
"nested-results-print.R",117,79,9
"nested-results-print.R",182,83,122
"nested-results-print.R",186,87,120
"nested-results-print.R",187,88,120
"nested-results-print.R",196,92,59
"nested-results-print.R",197,93,57
"nested-results-print.R",198,94,57
"nested-results-print.R",199,95,57
"nested-results-print.R",200,96,57
"nested-results-print.R",209,105,82
"nested-results-print.R",210,106,82
"nested-results-print.R",211,107,82
"nested-results-print.R",212,108,82
"nested-results-print.R",213,109,82
"nested-results-print.R",217,113,50
"nested-results-print.R",223,117,23
"nested-results-print.R",229,123,21
"nested-results-print.R",230,124,21
"nested-results-print.R",231,125,21
"nested-results-print.R",232,126,21
"nested-results-print.R",233,127,21
"nested-results-print.R",234,128,21
"nested-results-print.R",235,129,21
"nested-results-print.R",236,130,21
"nested-results-print.R",237,131,21
"nested-results-print.R",238,132,21
"nested-results-print.R",239,133,21
"nested-results-print.R",245,137,12
"nested-results-print.R",246,138,10
"nested-results-print.R",247,139,10
"nested-results-print.R",248,140,10
"nested-results-print.R",249,141,10
"nested-results-print.R",251,143,10
"nested-results-print.R",252,144,10
"nested-results-print.R",253,145,10
"nested-results-print.R",254,146,25
"nested-results-print.R",255,147,25
"nested-results-print.R",256,148,25
"nested-results-print.R",258,150,10
"nested-results-print.R",259,151,10
"nested-results-print.R",269,161,120
"nested-results-print.R",270,162,120
"nested-results-print.R",271,163,120
"nested-results-print.R",272,164,120
"nested-results-print.R",274,166,120
"nested-results-print.R",275,167,120
"nested-results-print.R",276,168,120
"nested-results-print.R",277,169,120
"nested-results-print.R",278,170,120
"nested-results-print.R",279,171,120
"nested-results-print.R",280,172,120
"nested-results-print.R",281,173,120
"nested-results-print.R",282,174,120
"nested-results-print.R",283,175,120
"nested-results-print.R",289,181,120
"nested-results-print.R",290,182,120
"nested-results-print.R",291,183,120
"nested-results-print.R",292,184,106
"nested-results-print.R",293,185,120
"nested-results-print.R",294,186,120
"nested-results-print.R",295,187,120
"nested-results-print.R",296,188,120
"nested-results-print.R",303,195,120
"nested-results-print.R",304,196,120
"nested-results-print.R",305,197,120
"nested-results-print.R",306,198,120
"nested-results-print.R",313,205,67
"nested-results-print.R",314,206,67
"nested-results-print.R",315,207,10
"nested-results-print.R",316,208,10
"nested-results-print.R",317,209,10
"nested-results-print.R",318,210,10
"nested-results-print.R",319,211,67
"nested-results-print.R",320,212,57
"nested-results-print.R",321,213,57
"nested-results-print.R",322,214,57
"nested-results-print.R",323,215,67
"nested-results-print.R",324,216,67
"nested-results-print.R",325,217,67
"nested-results-print.R",329,221,82
"nested-results-print.R",330,222,80
"nested-results-print.R",332,224,82
"nested-results-print.R",333,225,82
"nested-results-print.R",334,226,82
"nested-results-print.R",335,227,82
"nested-results-print.R",339,231,82
"nested-results-print.R",340,232,58
"nested-results-print.R",342,234,24
"nested-results-print.R",343,235,39
"nested-results-print.R",344,236,39
"nested-results-print.R",345,237,39
"nested-results-print.R",350,242,24
"nested-results-print.R",351,243,24
"nested-results-print.R",352,244,24
"nested-results-print.R",353,245,24
"nested-results-print.R",354,246,24
"nested-results-print.R",361,253,59
"nested-results-print.R",362,254,0
"nested-results-print.R",364,256,59
"nested-results-print.R",368,260,82
"nested-results-print.R",375,267,82
"nested-results-print.R",377,269,82
"nested-results-print.R",378,270,8
"nested-results-print.R",379,271,8
"nested-results-print.R",381,273,74
"nested-results-print.R",382,274,12
"nested-results-print.R",383,275,12
"nested-results-print.R",385,277,62
"nested-results-print.R",386,278,66
"nested-results-print.R",388,280,62
"nested-results-print.R",396,288,142
"nested-results-print.R",397,289,119
"nested-results-print.R",399,291,23
"nested-results-print.R",400,292,23
"nested-results-print.R",407,299,163
"nested-results-print.R",422,314,34
"nested-results-print.R",423,315,28
"nested-results-print.R",425,317,6
"nested-results-print.R",426,318,6
"nested-results-print.R",427,319,6
"nested-results-print.R",428,320,6
"nested-results-print.R",429,321,6
"nested-results-print.R",433,325,6
"nested-results-print.R",434,326,6
"nested-results-print.R",435,327,6
"nested-results-print.R",436,328,6
"nested-results-print.R",437,329,6
"nested-results-print.R",438,330,6
"nested-results-print.R",439,331,6
"nested-results-print.R",440,332,6
"nested-results-print.R",441,333,6
"nested-results-print.R",450,342,43
"nested-results-print.R",451,343,43
"nested-results-print.R",455,347,150
"nested-results-print.R",456,348,0
"nested-results-print.R",461,353,150
"nested-results-print.R",462,354,150
"nested-results-print.R",463,355,45
"nested-results-print.R",465,357,105
"nested-results-print.R",481,373,105
"nested-results-print.R",482,374,105
"nested-results-print.R",483,375,105
"nested-results-print.R",484,376,105
"nested-results-print.R",489,381,105
"nested-results-print.R",490,382,105
"nested-results-print.R",491,383,105
"nested-results-print.R",492,384,105
"nested-results-print.R",493,385,105
"nested-results-print.R",494,386,105
"nested-results-print.R",495,387,105
"nested-results-print.R",496,388,105
"nested-results-print.R",497,389,105
"nested-results-print.R",498,390,105
"nested-results-print.R",499,391,105
"nested-results-print.R",500,392,105
"nested-results-print.R",507,399,238
"nested-results-print.R",508,400,238
"nested-results-print.R",520,412,91
"nested-results-print.R",521,413,91
"nested-results-print.R",522,414,91
"nested-results-print.R",523,415,91
"nested-results-print.R",524,416,1
"nested-results-print.R",525,417,91
"nested-results-print.R",526,418,91
"nested-results-print.R",530,422,91
"nested-results-print.R",531,423,3
"nested-results-print.R",532,424,91
"nested-results-print.R",533,425,91
"nested-results-print.R",534,426,1
"nested-results-print.R",535,427,91
"nested-results-print.R",536,428,91
"nested-results-print.R",537,429,91
"nested-results-print.R",538,430,91
"nested-results-print.R",539,431,91
"nested-results-print.R",553,445,66
"nested-results-print.R",554,446,66
"nested-results-print.R",556,448,66
"nested-results-print.R",557,449,0
"nested-results-print.R",558,450,0
"nested-results-print.R",561,453,66
"nested-results-print.R",562,454,36
"nested-results-print.R",563,455,36
"nested-results-print.R",564,456,36
"nested-results-print.R",565,457,1
"nested-results-print.R",566,458,1
"nested-results-print.R",567,459,1
"nested-results-print.R",568,460,1
"nested-results-print.R",569,461,35
"nested-results-print.R",570,462,4
"nested-results-print.R",572,464,31
"nested-results-print.R",573,465,31
"nested-results-print.R",574,466,31
"nested-results-print.R",576,468,36
"nested-results-print.R",579,471,30
"nested-results-print.R",580,472,30
"nested-results-print.R",581,473,30
"nested-results-print.R",582,474,30
"nested-results-print.R",583,475,30
"nested-results-print.R",584,476,30
"nested-results-print.R",588,480,82
"nested-results-print.R",589,481,82
"nested-results-print.R",591,483,82
"nested-results-print.R",592,484,8
"nested-results-print.R",593,485,8
"nested-results-print.R",594,486,8
"nested-results-print.R",599,491,74
"nested-results-print.R",600,492,74
"nested-results-print.R",601,493,74
"nested-results-print.R",602,494,74
"nested-results-print.R",603,495,147
"nested-results-print.R",604,496,147
"nested-results-print.R",605,497,147
"nested-results-print.R",609,501,147
"nested-results-print.R",610,502,147
"nested-results-print.R",611,503,3
"nested-results-print.R",612,504,3
"nested-results-print.R",617,509,147
"nested-results-print.R",618,510,147
"nested-results-print.R",619,511,147
"nested-results-print.R",621,513,0
"nested-results-print.R",622,514,0
"nested-results-print.R",623,515,0
"nested-results-print.R",626,518,74
"nested-results-set.R",92,17,67
"nested-results-set.R",93,18,66
"nested-results-set.R",96,21,65
"nested-results-set.R",97,22,65
"nested-results-set.R",98,23,65
"nested-results-set.R",99,24,65
"nested-results-set.R",100,25,65
"nested-results-set.R",101,26,62
"nested-results-set.R",102,27,3
"nested-results-set.R",104,29,62
"nested-results-set.R",110,33,33
"nested-results-set.R",111,34,32
"nested-results-set.R",117,38,26
"nested-results-set.R",118,39,25
"nested-results-set.R",124,43,25
"nested-results-set.R",125,44,24
"nested-results-set.R",126,45,24
"nested-results-set.R",127,46,24
"nested-results-set.R",128,47,24
"nested-results-set.R",129,48,24
"nested-results-set.R",130,49,24
"nested-results-set.R",136,53,15
"nested-results-set.R",137,54,14
"nested-results-set.R",143,58,14
"nested-results-set.R",144,59,13
"nested-results-set.R",158,69,11
"nested-results-set.R",159,70,9
"nested-results-set.R",160,71,9
"nested-results-set.R",161,72,9
"nested-results-set.R",162,73,9
"nested-results-set.R",163,74,9
"nested-results-set.R",164,75,9
"nested-results-set.R",165,76,9
"nested-results-set.R",166,77,9
"nested-results-set.R",167,78,9
"nested-results-set.R",168,79,9
"nested-results-set.R",169,80,9
"nested-results-set.R",170,81,9
"nested-results-set.R",176,85,6
"nested-results-set.R",177,86,4
"nested-results-set.R",204,113,250
"nested-results-set.R",205,114,250
"nested-results-set.R",206,115,250
"nested-results-set.R",207,116,250
"nested-results-set.R",208,117,226
"nested-results-set.R",209,118,226
"nested-results-set.R",210,119,17
"nested-results-set.R",211,120,17
"nested-results-set.R",212,121,17
"nested-results-set.R",213,122,17
"nested-results-set.R",214,123,17
"nested-results-set.R",215,124,17
"nested-results-set.R",216,125,17
"nested-results-set.R",217,126,17
"nested-results-set.R",218,127,17
"nested-results-set.R",219,128,17
"nested-results-set.R",220,129,17
"nested-results-set.R",221,130,17
"nested-results-set.R",223,132,209
"nested-results-set.R",224,133,20
"nested-results-set.R",225,134,20
"nested-results-set.R",226,135,20
"nested-results-set.R",227,136,20
"nested-results-set.R",228,137,20
"nested-results-set.R",229,138,20
"nested-results-set.R",230,139,20
"nested-results-set.R",231,140,20
"nested-results-set.R",232,141,20
"nested-results-set.R",234,143,208
"nested-results-set.R",236,145,232
"nested-results-set.R",237,146,232
"nested-results-set.R",238,147,232
"nested-results-set.R",239,148,2
"nested-results-set.R",240,149,2
"nested-results-set.R",241,150,2
"nested-results-set.R",242,151,2
"nested-results-set.R",243,152,2
"nested-results-set.R",244,153,2
"nested-results-set.R",245,154,2
"nested-results-set.R",246,155,2
"nested-results-set.R",247,156,2
"nested-results-set.R",248,157,2
"nested-results-set.R",249,158,232
"nested-results-set.R",250,159,232
"nested-results-set.R",251,160,232
"nested-results-set.R",252,161,232
"nested-results-set.R",253,162,232
"nested-results-set.R",254,163,232
"nested-results-set.R",255,164,222
"nested-results-set.R",394,170,12
"nested-results-set.R",395,171,11
"nested-results-set.R",396,172,11
"nested-results-set.R",397,173,11
"nested-results-set.R",398,174,11
"nested-results-set.R",400,176,11
"nested-results-set.R",401,177,11
"nested-results-set.R",402,178,11
"nested-results-set.R",403,179,11
"nested-results-set.R",404,180,11
"nested-results-set.R",405,181,11
"nested-results-set.R",406,182,11
"nested-results-set.R",407,183,11
"nested-results-set.R",408,184,11
"nested-results-set.R",409,185,11
"nested-results-set.R",410,186,11
"nested-results-set.R",411,187,11
"nested-results-set.R",412,188,11
"nested-results-set.R",413,189,11
"nested-results-set.R",414,190,11
"nested-results-set.R",415,191,11
"nested-results-set.R",416,192,11
"nested-results-set.R",417,193,11
"nested-results-set.R",418,194,11
"nested-results-set.R",419,195,11
"nested-results-set.R",420,196,11
"nested-results-set.R",421,197,11
"nested-results-set.R",422,198,11
"nested-results-set.R",423,199,11
"nested-results-set.R",424,200,11
"nested-results-set.R",425,201,11
"nested-results-set.R",426,202,11
"nested-results-set.R",432,208,41
"nested-results-set.R",433,209,41
"nested-results-set.R",434,210,41
"nested-results-set.R",436,212,0
"nested-results-set.R",461,217,15
"nested-results-set.R",462,218,13
"nested-results-set.R",467,223,23
"nested-results-set.R",468,224,23
"nested-results-set.R",469,225,7
"nested-results-set.R",470,226,7
"nested-results-set.R",471,227,7
"nested-results-set.R",472,228,7
"nested-results-set.R",473,229,1
"nested-results-set.R",474,230,7
"nested-results-set.R",475,231,4
"nested-results-set.R",476,232,7
"nested-results-set.R",477,233,2
"nested-results-set.R",478,234,7
"nested-results-set.R",479,235,7
"nested-results-set.R",480,236,7
"nested-results-set.R",481,237,7
"nested-results-set.R",482,238,7
"nested-results-set.R",484,240,16
"nested-results-set.R",515,271,123
"nested-results-set.R",525,281,123
"nested-results-set.R",527,283,123
"nested-results-set.R",528,284,123
"nested-results-set.R",529,285,123
"nested-results-set.R",530,286,123
"nested-results-set.R",531,287,123
"nested-results-set.R",532,288,123
"nested-results-set.R",534,290,29
"nested-results-set.R",536,292,94
"nested-results-set.R",537,293,94
"nested-results-set.R",538,294,7
"nested-results-set.R",540,296,87
"nested-results-set.R",541,297,87
"nested-results-set.R",542,298,4
"nested-results-set.R",544,300,83
"nested-results-set.R",545,301,249
"nested-results-set.R",546,302,1
"nested-results-set.R",549,305,82
"nested-results-set.R",555,311,121
"nested-results-set.R",556,312,40
"nested-results-set.R",558,314,81
"nested-results-set.R",559,315,81
"nested-results-set.R",560,316,11
"nested-results-set.R",562,318,81
"nested-results-set.R",563,319,81
"nested-results-set.R",569,325,47
"nested-results-set.R",570,326,47
"nested-results-set.R",571,327,47
"nested-results-set.R",576,331,19
"nested-results-set.R",581,335,59
"nested-results-set.R",582,336,59
"nested-results-set.R",583,337,0
"nested-results-set.R",585,339,59
"nested-results-set.R",593,346,20
"nested-results-set.R",602,354,3
"nested-results-set.R",603,355,3
"nested-results-set.R",604,356,0
"nested-results-set.R",605,357,3
"nested-results-set.R",606,358,3
"nested-results-set.R",607,359,3
"nested-results-set.R",608,360,0
"nested-results-set.R",610,362,3
"nested-results-set.R",619,370,19
"nested-results-set.R",620,371,19
"nested-results-set.R",621,372,0
"nested-results-set.R",623,374,19
"nested-results.R",16,16,494
"nested-results.R",17,17,494
"nested-results.R",19,19,494
"nested-results.R",20,20,494
"nested-results.R",21,21,516
"nested-results.R",23,23,494
"nested-results.R",25,25,494
"nested-results.R",26,26,494
"nested-results.R",33,33,494
"nested-results.R",34,34,494
"nested-results.R",44,44,494
"nested-results.R",45,45,50
"nested-results.R",47,47,494
"nested-results.R",48,48,20
"nested-results.R",50,50,494
"nested-results.R",51,51,494
"nested-results.R",52,52,494
"nested-results.R",54,54,494
"nested-results.R",55,55,494
"nested-results.R",56,56,494
"nested-results.R",60,60,494
"nested-results.R",67,67,494
"nested-results.R",68,68,494
"nested-results.R",71,71,494
"nested-results.R",73,73,494
"nested-results.R",74,74,494
"nested-results.R",82,82,494
"nested-results.R",83,83,494
"nested-results.R",84,84,9
"nested-results.R",85,85,9
"nested-results.R",86,86,9
"nested-results.R",87,87,9
"nested-results.R",89,89,494
"nested-results.R",90,90,494
"nested-results.R",99,99,514
"nested-results.R",100,100,514
"nested-results.R",101,101,478
"nested-results.R",103,103,36
"nested-results.R",104,104,36
"nested-results.R",105,105,0
"nested-results.R",107,107,36
"nested-results.R",108,108,36
"nested-results.R",109,109,36
"nested-results.R",110,110,36
"nested-results.R",121,121,494
"nested-results.R",122,122,494
"nested-results.R",123,123,494
"nested-results.R",124,124,494
"nested-results.R",125,125,1
"nested-results.R",127,127,493
"nested-results.R",172,172,3463
"nested-results.R",173,173,10
"nested-results.R",181,181,484
"nested-results.R",182,182,484
"nested-results.R",183,183,484
"nested-results.R",184,184,484
"nested-results.R",185,185,484
"nested-results.R",186,186,484
"nested-results.R",189,189,484
"nested-results.R",190,190,484
"nested-results.R",191,191,484
"nested-results.R",192,192,484
"nested-results.R",193,193,484
"nested-results.R",194,194,484
"nested-results.R",195,195,484
"nested-results.R",196,196,484
"nested-results.R",205,205,498
"nested-results.R",222,222,333
"nested-results.R",223,223,333
"nested-results.R",224,224,27
"nested-results.R",226,226,306
"nested-results.R",227,227,306
"nested-results.R",228,228,6
"nested-results.R",236,236,300
"nested-results.R",237,237,1
"nested-results.R",239,239,299
"nested-results.R",240,240,82
"nested-results.R",247,247,217
"nested-results.R",248,248,0
"nested-results.R",263,263,217
"nested-results.R",264,264,217
"nested-results.R",265,265,217
"nested-results.R",266,266,217
"nested-results.R",267,267,217
"nested-results.R",268,268,217
"nested-results.R",269,269,217
"nested-results.R",270,270,217
"nested-results.R",271,271,2
"nested-results.R",273,273,215
"nested-results.R",274,274,215
"nested-results.R",275,275,215
"nested-results.R",276,276,215
"nested-results.R",277,277,215
"nested-results.R",283,283,330
"nested-results.R",284,284,127
"nested-results.R",290,290,203
"nested-results.R",291,291,203
"nested-results.R",292,292,106
"nested-results.R",294,294,203
"nested-results.R",303,303,210
"nested-results.R",304,304,210
"nested-results.R",305,305,210
"nested-results.R",306,306,210
"nested-results.R",307,307,210
"nested-results.R",310,310,210
"nested-results.R",313,313,210
"nested-results.R",318,318,210
"nested-results.R",319,319,210
"nested-results.R",323,323,210
"nested-results.R",324,324,420
"nested-results.R",326,326,210
"nested-results.R",336,336,313
"nested-results.R",337,337,3443
"nested-results.R",339,339,313
"nested-results.R",340,340,313
"nested-results.R",352,352,699
"nested-results.R",353,353,103
"nested-results.R",355,355,699
"nested-results.R",359,359,346
"nested-results.R",366,366,423
"nested-results.R",367,367,423
"nested-results.R",368,368,423
"nested-results.R",369,369,423
"nested-results.R",370,370,423
"nested-results.R",371,371,423
"nested-results.R",372,372,423
"nested-results.R",373,373,423
"nested-results.R",374,374,423
"nested-results.R",380,378,84
"nested-results.R",389,386,115
"nested-results.R",390,387,115
"nested-results.R",391,388,0
"nested-results.R",393,390,115
"nested-results.R",419,414,141
"nested-results.R",420,415,82
"nested-results.R",435,430,59
"nested-results.R",436,431,48
"nested-results.R",449,444,11
"nested-results.R",450,445,11
"nested-results.R",452,447,11
"nested-results.R",453,448,11
"nested-results.R",454,449,11
"nested-results.R",455,450,11
"nested-results.R",456,451,11
"nested-results.R",457,452,11
"nested-results.R",459,454,4
"nested-results.R",461,456,7
"nested-results.R",492,487,27
"nested-results.R",493,488,27
"nested-results.R",505,500,75
"nested-results.R",506,501,525
"nested-results.R",508,503,75
"nested-results.R",509,504,75
"nested-results.R",510,505,75
"nested-results.R",516,511,86
"nested-results.R",517,512,86
"nested-results.R",518,513,70
"nested-results.R",520,515,16
"nested-results.R",530,525,86
"nested-results.R",531,526,86
"nested-results.R",532,527,70
"nested-results.R",534,529,16
"nested-results.R",538,533,698
"nested-results.R",542,537,698
"nested-results.R",546,541,553
"nested-results.R",565,558,16
"nested-results.R",571,562,0
"nested-results.R",576,566,9
"nested-results.R",581,570,2
"nested-results.R",586,574,2
"nested-results.R",591,578,0
"nested-results.R",613,598,23
"nested-results.R",614,599,23
"nested-results.R",615,600,23
"nested-results.R",616,601,23
"nested-results.R",621,605,21
"nested-results.R",626,609,1
"nested-results.R",637,619,2
"nested-results.R",648,629,1
"nested-results.R",652,633,3
"nested-results.R",653,634,3
"nested-results.R",654,635,3
"nested-results.R",655,636,3
"nested-results.R",656,637,3
"nested-results.R",657,638,3
"nested-results.R",658,639,3
"nested-results.R",659,640,3
"nested-results.R",660,641,3
"nested-results.R",661,642,3
"nested-results.R",675,655,26
"nested-results.R",676,656,26
"nested-results.R",677,657,0
"nested-results.R",678,658,26
"nested-results.R",679,659,26
"nested-results.R",680,660,26
"nested-results.R",681,661,0
"nested-results.R",683,663,26
"nested-results.R",693,672,89
"nested-results.R",694,673,89
"nested-results.R",695,674,0
"nested-results.R",704,683,89
"nested-results.R",706,685,89
"nested-results.R",707,686,89
"nested-results.R",709,688,76
"nested-results.R",711,690,13
"nested-results.R",722,701,529
"nested-results.R",723,702,529
"nested-results.R",724,703,529
"nested-results.R",725,704,529
"nested-results.R",726,705,529
"nested-results.R",727,706,529
"nested-results.R",728,707,529
"nested-results.R",729,708,529
"nested-results.R",730,709,529
"nested-results.R",731,710,529
"nested-results.R",738,717,10984
"nested-results.R",739,718,10984
"nested-results.R",740,719,10984
"nested-results.R",741,720,10984
"nested-results.R",742,721,10984
"nested-results.R",859,730,290
"nested-results.R",860,731,288
"nested-results.R",861,732,285
"nested-results.R",862,733,274
"nested-results.R",864,735,273
"nested-results.R",865,736,273
"nested-results.R",866,737,166
"nested-results.R",868,739,273
"nested-results.R",869,740,10
"nested-results.R",871,742,273
"nested-results.R",884,755,16
"nested-results.R",885,756,16
"nested-results.R",886,757,16
"nested-results.R",887,758,16
"nested-results.R",888,759,16
"nested-results.R",889,760,3
"nested-results.R",890,761,16
"nested-results.R",891,762,13
"nested-results.R",892,763,16
"nested-results.R",897,768,16
"nested-results.R",898,769,16
"nested-results.R",899,770,2
"nested-results.R",900,771,2
"nested-results.R",901,772,2
"nested-results.R",902,773,2
"nested-results.R",903,774,2
"nested-results.R",904,775,2
"nested-results.R",905,776,2
"nested-results.R",906,777,2
"nested-results.R",907,778,2
"nested-results.R",909,780,14
"nested-results.R",910,781,14
"nested-results.R",911,782,1
"nested-results.R",912,783,1
"nested-results.R",913,784,1
"nested-results.R",914,785,1
"nested-results.R",915,786,1
"nested-results.R",916,787,1
"nested-results.R",917,788,1
"nested-results.R",918,789,1
"nested-results.R",919,790,1
"nested-results.R",920,791,1
"nested-results.R",921,792,1
"nested-results.R",922,793,1
"nested-results.R",924,795,13
"nested-results.R",925,796,13
"nested-results.R",926,797,13
"nested-results.R",927,798,13
"nested-results.R",928,799,13
"nested-results.R",929,800,13
"nested-results.R",930,801,30
"nested-results.R",931,802,30
"nested-results.R",932,803,30
"nested-results.R",933,804,30
"nested-results.R",935,806,13
"nested-results.R",936,807,0
"nested-results.R",938,809,13
"nested-results.R",957,828,387
"nested-results.R",958,829,387
"nested-results.R",959,830,387
"nested-results.R",960,831,46
"nested-results.R",962,833,387
"nested-results.R",989,860,387
"nested-results.R",990,861,387
"nested-results.R",991,862,387
"nested-results.R",992,863,387
"nested-results.R",993,864,387
"nested-results.R",994,865,387
"nested-results.R",995,866,387
"nested-results.R",996,867,387
"nested-results.R",997,868,387
"nested-results.R",998,869,387
"nested-results.R",1000,871,387
"nested-results.R",1001,872,387
"nested-results.R",1002,873,387
"nested-results.R",1003,874,387
"nested-results.R",1004,875,387
"nested-results.R",1005,876,387
"nested-results.R",1006,877,387
"nested-results.R",1007,878,46
"nested-results.R",1008,879,387
"nested-results.R",1009,880,387
"nested-results.R",1010,881,387
"nested-results.R",1011,882,387
"nested-results.R",1012,883,387
"nested-results.R",1013,884,387
"nested-results.R",1014,885,387
"nested-results.R",1015,886,387
"nested-results.R",1016,887,387
"nested-results.R",1017,888,387
"nested-results.R",1018,889,387
"nested-results.R",1019,890,387
"nested-results.R",1020,891,387
"nested-results.R",1021,892,387
"nested-results.R",1022,893,387
"nested-results.R",1023,894,387
"nested-results.R",1024,895,387
"nested-results.R",1025,896,387
"nested-results.R",1026,897,387
"nested-results.R",1027,898,387
"nested-results.R",1028,899,387
"nested-results.R",1029,900,387
"nested-results.R",1030,901,46
"nested-results.R",1031,902,387
"nested-results.R",1032,903,387
"nested-results.R",1033,904,387
"nested-results.R",1034,905,387
"nested-results.R",1035,906,387
"nested-results.R",1036,907,387
"nested-results.R",1037,908,387
"nested-results.R",1039,910,387
"nested-results.R",1040,911,387
"nested-results.R",1041,912,387
"nested-results.R",1042,913,387
"nested-results.R",1043,914,387
"nested-results.R",1044,915,46
"nested-results.R",1046,917,387
"nested-results.R",1047,918,387
"nested-results.R",1048,919,387
"nested-results.R",1049,920,387
"nested-results.R",1057,928,46
"nested-results.R",1058,929,46
"nested-results.R",1059,930,46
"nested-results.R",1077,948,754
"nested-results.R",1078,949,732
"nested-results.R",1080,951,22
"nested-results.R",1081,952,22
"nested-results.R",1082,953,22
"nested-results.R",1083,954,22
"nested-results.R",1084,955,22
"nested-results.R",1085,956,22
"nested-results.R",1086,957,22
"nested-results.R",1087,958,22
"nested-results.R",1088,959,22
"nested-results.R",1089,960,22
"nested-results.R",1102,973,815
"nested-results.R",1103,974,815
"nested-results.R",1104,975,701
"nested-results.R",1106,977,114
"nested-results.R",1107,978,114
"nested-results.R",1108,979,114
"nested-results.R",1109,980,114
"nested-results.R",1110,981,114
"nested-results.R",1111,982,114
"nested-results.R",1112,983,114
"nested-results.R",1113,984,114
"nested-results.R",1114,985,114
"nested-results.R",1115,986,114
"nested-results.R",1116,987,107
"nested-results.R",1129,1000,514
"nested-results.R",1130,1001,514
"nested-results.R",1132,1003,514
"nested-results.R",1133,1004,514
"nested-results.R",1134,1005,514
"nested-results.R",1135,1006,4
"nested-results.R",1136,1007,514
"nested-results.R",1137,1008,514
"nested-results.R",1138,1009,514
"nested-results.R",1139,1010,514
"nested-results.R",1140,1011,514
"nested-results.R",1141,1012,514
"nested-results.R",1142,1013,514
"nested-results.R",1143,1014,514
"nested-results.R",1144,1015,514
"nested-results.R",1146,1017,514
"nested-results.R",1147,1018,514
"nested-results.R",1148,1019,514
"nested-results.R",1149,1020,514
"nested-results.R",1150,1021,514
"nested-results.R",1151,1022,514
"nested-results.R",1152,1023,62
"nested-results.R",1154,1025,514
"nested-results.R",1157,1028,514
"nested-results.R",1158,1029,514
"nested-results.R",1159,1030,36
"nested-results.R",1161,1032,514
"nested-results.R",1188,1059,291
"nested-results.R",1189,1060,291
"nested-results.R",1190,1061,291
"nested-results.R",1191,1062,291
"nested-results.R",1192,1063,291
"nested-results.R",1193,1064,0
"nested-results.R",1194,1065,291
"nested-results.R",1199,1070,291
"nested-results.R",1200,1071,291
"nested-results.R",1201,1072,2
"nested-results.R",1202,1073,2
"nested-results.R",1203,1074,2
"nested-results.R",1204,1075,2
"nested-results.R",1205,1076,2
"nested-results.R",1206,1077,2
"nested-results.R",1207,1078,2
"nested-results.R",1208,1079,2
"nested-results.R",1209,1080,2
"nested-results.R",1210,1081,2
"nested-results.R",1211,1082,291
"nested-results.R",1212,1083,291
"nested-results.R",1213,1084,291
"nested-results.R",1214,1085,291
"nested-results.R",1215,1086,291
"nested-results.R",1216,1087,289
"nested-results.R",1217,1088,289
"nested-results.R",1218,1089,0
"nested-results.R",1219,1090,0
"nested-results.R",1220,1091,0
"nested-results.R",1222,1093,289
"nested-results.R",1238,1109,2048
"nested-results.R",1239,1110,2048
"nested-results.R",1240,1111,20
"nested-results.R",1242,1113,2028
"nested-results.R",1243,1114,1984
"nested-results.R",1245,1116,44
"nested-results.R",1270,1120,3
"nested-results.R",1271,1121,3
"nested-results.R",1272,1122,3
"nested-results.R",1273,1123,3
"nested-results.R",1274,1124,3
"nested-results.R",1275,1125,3
"nested-results.R",1276,1126,3
"nested-results.R",1277,1127,3
"nested-results.R",1283,1131,2
"nested-results.R",1284,1132,2
"nested-results.R",1285,1133,2
"nested-results.R",1286,1134,2
"nested-results.R",1287,1135,2
"nested-results.R",1288,1136,2
"nested-results.R",1289,1137,2
"nested-results.R",1290,1138,2
"nested-tune-bayes.R",136,2,211
"nested-tune-bayes.R",142,6,2
"nested-tune-bayes.R",162,24,8
"nested-tune-bayes.R",163,25,4
"nested-tune-bayes.R",164,26,3
"nested-tune-bayes.R",165,27,3
"nested-tune-bayes.R",166,28,3
"nested-tune-bayes.R",167,29,3
"nested-tune-bayes.R",168,30,3
"nested-tune-bayes.R",169,31,3
"nested-tune-bayes.R",170,32,3
"nested-tune-bayes.R",171,33,3
"nested-tune-bayes.R",172,34,3
"nested-tune-bayes.R",173,35,3
"nested-tune-bayes.R",174,36,3
"nested-tune-bayes.R",175,37,3
"nested-tune-bayes.R",176,38,3
"nested-tune-bayes.R",194,54,200
"nested-tune-bayes.R",195,55,200
"nested-tune-bayes.R",196,56,196
"nested-tune-bayes.R",197,57,194
"nested-tune-bayes.R",198,58,187
"nested-tune-bayes.R",199,59,185
"nested-tune-bayes.R",200,60,182
"nested-tune-bayes.R",201,61,98
"nested-tune-bayes.R",202,62,88
"nested-tune-bayes.R",203,63,77
"nested-tune-bayes.R",204,64,69
"nested-tune-bayes.R",205,65,68
"nested-tune-bayes.R",206,66,67
"nested-tune-bayes.R",207,67,66
"nested-tune-bayes.R",208,68,65
"nested-tune-bayes.R",209,69,57
"nested-tune-bayes.R",211,71,51
"nested-tune-bayes.R",212,72,51
"nested-tune-bayes.R",213,73,51
"nested-tune-bayes.R",214,74,51
"nested-tune-bayes.R",215,75,51
"nested-tune-bayes.R",216,76,51
"nested-tune-bayes.R",217,77,51
"nested-tune-bayes.R",218,78,51
"nested-tune-bayes.R",219,79,51
"nested-tune-bayes.R",220,80,51
"nested-tune-bayes.R",221,81,51
"nested-tune-bayes.R",222,82,51
"nested-tune-bayes.R",223,83,51
"nested-tune-grid.R",482,2,595
"nested-tune-grid.R",488,6,4
"nested-tune-grid.R",510,26,11
"nested-tune-grid.R",511,27,6
"nested-tune-grid.R",512,28,5
"nested-tune-grid.R",513,29,5
"nested-tune-grid.R",514,30,5
"nested-tune-grid.R",515,31,5
"nested-tune-grid.R",516,32,5
"nested-tune-grid.R",517,33,5
"nested-tune-grid.R",518,34,5
"nested-tune-grid.R",519,35,5
"nested-tune-grid.R",520,36,5
"nested-tune-grid.R",521,37,5
"nested-tune-grid.R",522,38,5
"nested-tune-grid.R",538,52,579
"nested-tune-grid.R",539,53,579
"nested-tune-grid.R",540,54,576
"nested-tune-grid.R",541,55,575
"nested-tune-grid.R",542,56,568
"nested-tune-grid.R",543,57,552
"nested-tune-grid.R",544,58,550
"nested-tune-grid.R",545,59,317
"nested-tune-grid.R",546,60,310
"nested-tune-grid.R",547,61,303
"nested-tune-grid.R",548,62,300
"nested-tune-grid.R",549,63,299
"nested-tune-grid.R",550,64,293
"nested-tune-grid.R",551,65,274
"nested-tune-grid.R",552,66,267
"nested-tune-grid.R",554,68,260
"nested-tune-grid.R",555,69,260
"nested-tune-grid.R",556,70,260
"nested-tune-grid.R",557,71,260
"nested-tune-grid.R",558,72,260
"nested-tune-grid.R",559,73,260
"nested-tune-grid.R",560,74,260
"nested-tune-grid.R",561,75,260
"nested-tune-grid.R",562,76,260
"nested-tune-grid.R",563,77,260
"nested-tune-grid.R",564,78,260
"nested-tune-grid.R",565,79,260
"nested-tune-grid.R",566,80,260
"nested-tune-grid.R",597,111,532
"nested-tune-grid.R",603,117,532
"nested-tune-grid.R",604,118,532
"nested-tune-grid.R",605,119,532
"nested-tune-grid.R",606,120,532
"nested-tune-grid.R",608,122,532
"nested-tune-grid.R",612,126,532
"nested-tune-grid.R",613,127,532
"nested-tune-grid.R",614,128,532
"nested-tune-grid.R",615,129,532
"nested-tune-grid.R",616,130,532
"nested-tune-grid.R",617,131,532
"nested-tune-grid.R",618,132,532
"nested-tune-grid.R",620,134,532
"nested-tune-grid.R",621,135,532
"nested-tune-grid.R",622,136,532
"nested-tune-grid.R",623,137,532
"nested-tune-grid.R",624,138,532
"nested-tune-grid.R",625,139,532
"nested-tune-grid.R",626,140,532
"nested-tune-grid.R",627,141,532
"nested-tune-grid.R",628,142,532
"nested-tune-grid.R",629,143,532
"nested-tune-grid.R",630,144,532
"nested-tune-grid.R",631,145,532
"nested-tune-grid.R",633,147,469
"nested-tune-grid.R",634,148,469
"nested-tune-grid.R",635,149,469
"nested-tune-grid.R",636,150,469
"nested-tune-grid.R",637,151,469
"nested-tune-grid.R",638,152,469
"nested-tune-grid.R",639,153,469
"nested-tune-grid.R",640,154,469
"nested-tune-grid.R",641,155,469
"nested-tune-grid.R",642,156,469
"nested-tune-grid.R",643,157,469
"nested-tune-grid.R",644,158,469
"nested-tune-grid.R",672,186,1340
"nested-tune-grid.R",677,191,1338
"nested-tune-grid.R",685,199,1338
"nested-tune-grid.R",686,200,286
"nested-tune-grid.R",687,201,1338
"nested-tune-grid.R",688,202,1052
"nested-tune-grid.R",689,203,1052
"nested-tune-grid.R",690,204,1052
"nested-tune-grid.R",696,210,1052
"nested-tune-grid.R",701,215,1052
"nested-tune-grid.R",702,216,1052
"nested-tune-grid.R",703,217,1052
"nested-tune-grid.R",704,218,1052
"nested-tune-grid.R",705,219,1052
"nested-tune-grid.R",706,220,1052
"nested-tune-grid.R",707,221,1052
"nested-tune-grid.R",708,222,1052
"nested-tune-grid.R",709,223,1052
"nested-tune-grid.R",710,224,1052
"nested-tune-grid.R",711,225,1052
"nested-tune-grid.R",714,228,1046
"nested-tune-grid.R",724,238,1046
"nested-tune-grid.R",725,239,1052
"nested-tune-grid.R",726,240,1052
"nested-tune-grid.R",727,241,1052
"nested-tune-grid.R",728,242,1338
"nested-tune-grid.R",729,243,1338
"nested-tune-grid.R",730,244,46
"nested-tune-grid.R",731,245,46
"nested-tune-grid.R",732,246,46
"nested-tune-grid.R",733,247,46
"nested-tune-grid.R",734,248,46
"nested-tune-grid.R",735,249,46
"nested-tune-grid.R",736,250,46
"nested-tune-grid.R",743,257,1292
"nested-tune-grid.R",744,258,1292
"nested-tune-grid.R",747,261,1292
"nested-tune-grid.R",748,262,1006
"nested-tune-grid.R",749,263,1292
"nested-tune-grid.R",750,264,286
"nested-tune-grid.R",751,265,1292
"nested-tune-grid.R",752,266,1289
"nested-tune-grid.R",761,275,1289
"nested-tune-grid.R",762,276,1289
"nested-tune-grid.R",763,277,1289
"nested-tune-grid.R",764,278,1289
"nested-tune-grid.R",765,279,1289
"nested-tune-grid.R",766,280,1289
"nested-tune-grid.R",767,281,1289
"nested-tune-grid.R",768,282,1289
"nested-tune-grid.R",769,283,1289
"nested-tune-grid.R",770,284,1289
"nested-tune-grid.R",771,285,1292
"nested-tune-grid.R",772,286,1292
"nested-tune-grid.R",773,287,1292
"nested-tune-grid.R",774,288,1292
"nested-tune-grid.R",775,289,21
"nested-tune-grid.R",776,290,21
"nested-tune-grid.R",777,291,21
"nested-tune-grid.R",778,292,21
"nested-tune-grid.R",779,293,21
"nested-tune-grid.R",780,294,21
"nested-tune-grid.R",781,295,21
"nested-tune-grid.R",787,301,1271
"nested-tune-grid.R",788,302,1271
"nested-tune-grid.R",789,303,1271
"nested-tune-grid.R",790,304,1271
"nested-tune-grid.R",791,305,1271
"nested-tune-grid.R",792,306,16
"nested-tune-grid.R",793,307,16
"nested-tune-grid.R",794,308,16
"nested-tune-grid.R",795,309,16
"nested-tune-grid.R",796,310,16
"nested-tune-grid.R",797,311,16
"nested-tune-grid.R",798,312,16
"nested-tune-grid.R",810,324,1255
"nested-tune-grid.R",811,325,115
"nested-tune-grid.R",812,326,1255
"nested-tune-grid.R",821,335,1255
"nested-tune-grid.R",822,336,1255
"nested-tune-grid.R",823,337,1255
"nested-tune-grid.R",824,338,32
"nested-tune-grid.R",825,339,32
"nested-tune-grid.R",826,340,32
"nested-tune-grid.R",827,341,3
"nested-tune-grid.R",828,342,3
"nested-tune-grid.R",829,343,32
"nested-tune-grid.R",830,344,32
"nested-tune-grid.R",838,352,1255
"nested-tune-grid.R",839,353,1255
"nested-tune-grid.R",840,354,1255
"nested-tune-grid.R",841,355,1255
"nested-tune-grid.R",842,356,1255
"nested-tune-grid.R",843,357,1255
"nested-tune-grid.R",844,358,1255
"nested-tune-grid.R",845,359,1255
"nested-tune-grid.R",846,360,1255
"nested-tune-grid.R",847,361,1255
"nested-tune-grid.R",848,362,1255
"nested-tune-grid.R",849,363,1255
"nested-tune-grid.R",850,364,1255
"nested-tune-grid.R",851,365,1255
"nested-tune-grid.R",852,366,1255
"nested-tune-grid.R",871,385,1351
"nested-tune-grid.R",872,386,343
"nested-tune-grid.R",874,388,1008
"nested-tune-grid.R",882,396,1090
"nested-tune-grid.R",883,397,201
"nested-tune-grid.R",885,399,889
"nested-tune-grid.R",892,406,1351
"nested-tune-grid.R",893,407,1351
"nested-tune-grid.R",894,408,1351
"nested-tune-grid.R",895,409,1351
"nested-tune-grid.R",896,410,1351
"nested-tune-grid.R",897,411,1351
"nested-tune-grid.R",898,412,1351
"nested-tune-grid.R",920,434,1353
"nested-tune-grid.R",921,435,1351
"nested-tune-grid.R",922,436,1351
"nested-tune-grid.R",923,437,1351
"nested-tune-grid.R",924,438,51
"nested-tune-grid.R",926,440,1351
"nested-tune-grid.R",927,441,1351
"nested-tune-grid.R",928,442,1351
"nested-tune-grid.R",929,443,1351
"nested-tune-grid.R",930,444,1351
"nested-tune-grid.R",931,445,205
"nested-tune-grid.R",933,447,1351
"nested-tune-grid.R",940,454,1353
"nested-tune-grid.R",941,455,1353
"nested-tune-grid.R",942,456,1353
"nested-tune-grid.R",943,457,1353
"nested-tune-grid.R",946,460,1351
"nested-tune-grid.R",947,461,848
"nested-tune-grid.R",948,462,1351
"nested-tune-grid.R",949,463,1351
"nested-tune-grid.R",950,464,1339
"nested-tune-grid.R",951,465,1351
"nested-tune-grid.R",952,466,0
"nested-tune-grid.R",953,467,1351
"nested-tune-grid.R",954,468,12
"nested-tune-grid.R",955,469,1351
"nested-tune-grid.R",956,470,1351
"nested-tune-grid.R",957,471,1351
"nested-tune-grid.R",958,472,1157
"nested-tune-grid.R",959,473,821
"nested-tune-grid.R",960,474,1157
"nested-tune-grid.R",961,475,336
"nested-tune-grid.R",962,476,336
"nested-tune-grid.R",963,477,71
"nested-tune-grid.R",964,478,1157
"nested-tune-grid.R",965,479,336
"nested-tune-grid.R",966,480,1157
"nested-tune-grid.R",968,482,1351
"nested-tune-grid.R",974,488,407
"nested-tune-grid.R",975,489,71
"nested-tune-grid.R",977,491,336
"nested-tune-grid.R",978,492,0
"nested-tune-grid.R",987,501,1351
"nested-tune-grid.R",988,502,71
"nested-tune-grid.R",989,503,71
"nested-tune-grid.R",990,504,71
"nested-tune-grid.R",991,505,71
"nested-tune-grid.R",992,506,71
"nested-tune-grid.R",994,508,1280
"nested-tune-grid.R",995,509,1280
"nested-tune-grid.R",996,510,1280
"nested-tune-grid.R",997,511,1280
"nested-tune-grid.R",998,512,1280
"nested-tune-grid.R",999,513,1280
"nested-tune-grid.R",1003,517,336
"nested-tune-grid.R",1005,519,0
"nested-tune-grid.R",1006,520,19
"nested-tune-grid.R",1007,521,317
"nested-tune-grid.R",1008,522,0
"nested-tune-grid.R",1009,523,0
"nested-tune-grid.R",1010,524,0
"nested-tune-grid.R",1025,539,83
"nested-tune-grid.R",1026,540,83
"nested-tune-grid.R",1027,541,83
"nested-tune-grid.R",1028,542,83
"nested-tune-grid.R",1048,562,501
"nested-tune-grid.R",1049,563,49
"nested-tune-grid.R",1051,565,442
"nested-tune-grid.R",1052,566,442
"nested-tune-grid.R",1053,567,442
"nested-tune-grid.R",1054,568,442
"nested-tune-grid.R",1055,569,442
"nested-tune-grid.R",1056,570,1
"nested-tune-grid.R",1058,572,441
"nested-tune-grid.R",1063,577,441
"nested-tune-grid.R",1064,578,440
"nested-tune-grid.R",1065,579,441
"nested-tune-grid.R",1066,580,1
"nested-tune-grid.R",1067,581,441
"nested-tune-grid.R",1068,582,441
"nested-tune-grid.R",1069,583,441
"nested-tune-grid.R",1070,584,441
"nested-tune-grid.R",1071,585,57
"nested-tune-grid.R",1072,586,441
"nested-tune-grid.R",1073,587,384
"nested-tune-grid.R",1074,588,441
"nested-tune-grid.R",1075,589,441
"nested-tune-grid.R",1083,597,371
"nested-tune-grid.R",1084,598,371
"nested-tune-grid.R",1085,599,371
"nested-tune-grid.R",1086,600,371
"nested-tune-grid.R",1087,601,371
"nested-tune-grid.R",1088,602,371
"nested-tune-grid.R",1113,627,96
"nested-tune-grid.R",1114,628,83
"nested-tune-grid.R",1115,629,16
"nested-tune-grid.R",1116,630,83
"nested-tune-grid.R",1117,631,67
"nested-tune-grid.R",1118,632,83
"nested-tune-grid.R",1123,637,96
"nested-tune-grid.R",1124,638,96
"nested-tune-grid.R",1125,639,96
"nested-tune-grid.R",1126,640,96
"nested-tune-grid.R",1127,641,96
"nested-tune-grid.R",1128,642,96
"nested-tune-grid.R",1129,643,96
"nested-tune-grid.R",1130,644,96
"nested-tune-grid.R",1131,645,96
"nested-tune-grid.R",1135,649,99
"nested-tune-grid.R",1136,650,99
"nested-tune-grid.R",1137,651,99
"nested-tune-grid.R",1138,652,99
"nested-tune-grid.R",1139,653,99
"nested-tune-grid.R",1140,654,99
"nested-tune-grid.R",1147,661,2606
"nested-tune-grid.R",1148,662,2606
"nested-tune-grid.R",1149,663,2540
"nested-tune-grid.R",1151,665,66
"nested-tune-grid.R",1152,666,66
"nested-tune-grid.R",1153,667,66
"nested-tune-grid.R",1154,668,66
"nested-tune-grid.R",1155,669,66
"nested-tune-grid.R",1156,670,66
"nested-tune-grid.R",1157,671,66
"nested-tune-grid.R",1161,675,2606
"nested-tune-grid.R",1162,676,2606
"nested-tune-grid.R",1163,677,2606
"nested-tune-grid.R",1164,678,2606
"nested-tune-grid.R",1165,679,2606
"nested-tune-grid.R",1166,680,2606
"nested-tune-grid.R",1170,684,3863
"nested-tune-grid.R",1171,685,3863
"nested-tune-grid.R",1172,686,3863
"nested-tune-grid.R",1173,687,3863
"nested-tune-grid.R",1174,688,3863
"nested-tune-grid.R",1175,689,3863
"nested-tune-grid.R",1181,695,96
"nested-tune-grid.R",1182,696,96
"nested-tune-grid.R",1183,697,96
"nested-tune-grid.R",1184,698,96
"nested-tune-grid.R",1185,699,96
"nested-tune-grid.R",1186,700,96
"nested-tune-grid.R",1192,706,469
"nested-tune-grid.R",1193,707,469
"nested-tune-grid.R",1194,708,411
"nested-tune-grid.R",1196,710,58
"nested-tune-grid.R",1197,711,58
"nested-tune-grid.R",1198,712,58
"nested-tune-grid.R",1199,713,58
"nested-tune-grid.R",1200,714,58
"nested-tune-grid.R",1201,715,58
"nested-tune-grid.R",1202,716,58
"nested-tune-grid.R",1203,717,58
"nested-tune-grid.R",1204,718,58
"nested-tune-grid.R",1205,719,58
"nested-tune-grid.R",1206,720,58
"nested-tune-grid.R",1214,728,2517
"nested-tune-grid.R",1215,729,2517
"nested-tune-grid.R",1216,730,2517
"nested-tune-grid.R",1217,731,2517
"nested-tune-grid.R",1218,732,2517
"nested-tune-grid.R",1219,733,2517
"nested-tune-grid.R",1228,742,635
"nested-tune-grid.R",1229,743,628
"nested-tune-grid.R",1231,745,7
"nested-tune-grid.R",1233,747,635
"nested-tune-race.R",149,4,176
"nested-tune-race.R",155,8,2
"nested-tune-race.R",175,26,9
"nested-tune-race.R",176,27,8
"nested-tune-race.R",177,28,4
"nested-tune-race.R",178,29,3
"nested-tune-race.R",179,30,3
"nested-tune-race.R",180,31,3
"nested-tune-race.R",181,32,3
"nested-tune-race.R",182,33,3
"nested-tune-race.R",183,34,3
"nested-tune-race.R",184,35,3
"nested-tune-race.R",185,36,3
"nested-tune-race.R",186,37,3
"nested-tune-race.R",187,38,3
"nested-tune-race.R",188,39,3
"nested-tune-race.R",204,53,164
"nested-tune-race.R",205,54,164
"nested-tune-race.R",206,55,164
"nested-tune-race.R",207,56,164
"nested-tune-race.R",208,57,164
"nested-tune-race.R",209,58,164
"nested-tune-race.R",210,59,164
"nested-tune-race.R",211,60,164
"nested-tune-race.R",212,61,164
"nested-tune-race.R",213,62,164
"nested-tune-race.R",214,63,164
"nested-tune-race.R",215,64,164
"nested-tune-race.R",216,65,164
"nested-tune-race.R",222,69,172
"nested-tune-race.R",228,73,2
"nested-tune-race.R",245,88,9
"nested-tune-race.R",246,89,8
"nested-tune-race.R",247,90,4
"nested-tune-race.R",248,91,3
"nested-tune-race.R",249,92,3
"nested-tune-race.R",250,93,3
"nested-tune-race.R",251,94,3
"nested-tune-race.R",252,95,3
"nested-tune-race.R",253,96,3
"nested-tune-race.R",254,97,3
"nested-tune-race.R",255,98,3
"nested-tune-race.R",256,99,3
"nested-tune-race.R",257,100,3
"nested-tune-race.R",258,101,3
"nested-tune-race.R",274,115,160
"nested-tune-race.R",275,116,160
"nested-tune-race.R",276,117,160
"nested-tune-race.R",277,118,160
"nested-tune-race.R",278,119,160
"nested-tune-race.R",279,120,160
"nested-tune-race.R",280,121,160
"nested-tune-race.R",281,122,160
"nested-tune-race.R",282,123,160
"nested-tune-race.R",283,124,160
"nested-tune-race.R",284,125,160
"nested-tune-race.R",285,126,160
"nested-tune-race.R",286,127,160
"nested-tune-race.R",311,152,324
"nested-tune-race.R",312,153,318
"nested-tune-race.R",313,154,310
"nested-tune-race.R",314,155,306
"nested-tune-race.R",315,156,302
"nested-tune-race.R",316,157,298
"nested-tune-race.R",317,158,292
"nested-tune-race.R",318,159,124
"nested-tune-race.R",319,160,120
"nested-tune-race.R",320,161,118
"nested-tune-race.R",321,162,116
"nested-tune-race.R",322,163,114
"nested-tune-race.R",323,164,112
"nested-tune-race.R",324,165,110
"nested-tune-race.R",325,166,100
"nested-tune-race.R",326,167,84
"nested-tune-race.R",328,169,76
"nested-tune-race.R",329,170,76
"nested-tune-race.R",330,171,76
"nested-tune-race.R",331,172,76
"nested-tune-race.R",332,173,76
"nested-tune-race.R",333,174,76
"nested-tune-race.R",334,175,76
"nested-tune-race.R",335,176,76
"nested-tune-race.R",336,177,76
"nested-tune-race.R",337,178,76
"nested-tune-race.R",338,179,76
"nested-tune-race.R",339,180,76
"nested-tune-race.R",340,181,76
"nested-tune-sim-anneal.R",150,2,197
"nested-tune-sim-anneal.R",156,6,2
"nested-tune-sim-anneal.R",176,24,9
"nested-tune-sim-anneal.R",177,25,8
"nested-tune-sim-anneal.R",178,26,4
"nested-tune-sim-anneal.R",179,27,3
"nested-tune-sim-anneal.R",180,28,3
"nested-tune-sim-anneal.R",181,29,3
"nested-tune-sim-anneal.R",182,30,3
"nested-tune-sim-anneal.R",183,31,3
"nested-tune-sim-anneal.R",184,32,3
"nested-tune-sim-anneal.R",185,33,3
"nested-tune-sim-anneal.R",186,34,3
"nested-tune-sim-anneal.R",187,35,3
"nested-tune-sim-anneal.R",188,36,3
"nested-tune-sim-anneal.R",189,37,3
"nested-tune-sim-anneal.R",190,38,3
"nested-tune-sim-anneal.R",213,59,185
"nested-tune-sim-anneal.R",214,60,184
"nested-tune-sim-anneal.R",215,61,184
"nested-tune-sim-anneal.R",216,62,180
"nested-tune-sim-anneal.R",217,63,178
"nested-tune-sim-anneal.R",218,64,173
"nested-tune-sim-anneal.R",219,65,171
"nested-tune-sim-anneal.R",220,66,168
"nested-tune-sim-anneal.R",221,67,84
"nested-tune-sim-anneal.R",222,68,69
"nested-tune-sim-anneal.R",223,69,54
"nested-tune-sim-anneal.R",224,70,53
"nested-tune-sim-anneal.R",225,71,52
"nested-tune-sim-anneal.R",226,72,51
"nested-tune-sim-anneal.R",227,73,50
"nested-tune-sim-anneal.R",228,74,45
"nested-tune-sim-anneal.R",230,76,37
"nested-tune-sim-anneal.R",231,77,37
"nested-tune-sim-anneal.R",232,78,37
"nested-tune-sim-anneal.R",233,79,37
"nested-tune-sim-anneal.R",234,80,37
"nested-tune-sim-anneal.R",235,81,37
"nested-tune-sim-anneal.R",236,82,37
"nested-tune-sim-anneal.R",237,83,37
"nested-tune-sim-anneal.R",238,84,37
"nested-tune-sim-anneal.R",239,85,37
"nested-tune-sim-anneal.R",240,86,37
"nested-tune-sim-anneal.R",241,87,37
"nested-tune-sim-anneal.R",242,88,37
"nested-workflow-map.R",169,10,53
"nested-workflow-map.R",170,11,53
"nested-workflow-map.R",171,12,51
"nested-workflow-map.R",172,13,48
"nested-workflow-map.R",173,14,43
"nested-workflow-map.R",175,16,43
"nested-workflow-map.R",176,17,43
"nested-workflow-map.R",177,18,43
"nested-workflow-map.R",178,19,43
"nested-workflow-map.R",182,23,39
"nested-workflow-map.R",183,24,82
"nested-workflow-map.R",184,25,82
"nested-workflow-map.R",185,26,80
"nested-workflow-map.R",186,27,39
"nested-workflow-map.R",187,28,82
"nested-workflow-map.R",188,29,82
"nested-workflow-map.R",200,41,36
"nested-workflow-map.R",201,42,36
"nested-workflow-map.R",202,43,36
"nested-workflow-map.R",203,44,1
"nested-workflow-map.R",205,46,36
"nested-workflow-map.R",206,47,36
"nested-workflow-map.R",208,49,36
"nested-workflow-map.R",209,50,36
"nested-workflow-map.R",210,51,77
"nested-workflow-map.R",211,52,77
"nested-workflow-map.R",212,53,77
"nested-workflow-map.R",213,54,77
"nested-workflow-map.R",214,55,77
"nested-workflow-map.R",215,56,77
"nested-workflow-map.R",216,57,77
"nested-workflow-map.R",218,59,34
"nested-workflow-map.R",231,72,77
"nested-workflow-map.R",232,73,77
"nested-workflow-map.R",233,74,34
"nested-workflow-map.R",235,76,77
"nested-workflow-map.R",236,77,77
"nested-workflow-map.R",237,78,8
"nested-workflow-map.R",239,80,77
"nested-workflow-map.R",248,89,77
"nested-workflow-map.R",249,90,77
"nested-workflow-map.R",250,91,77
"nested-workflow-map.R",251,92,77
"nested-workflow-map.R",252,93,77
"nested-workflow-map.R",253,94,77
"nested-workflow-map.R",254,95,77
"nested-workflow-map.R",255,96,77
"nested-workflow-map.R",267,108,671
"nested-workflow-map.R",268,109,67
"nested-workflow-map.R",269,110,63
"nested-workflow-map.R",270,111,671
"nested-workflow-map.R",271,112,671
"nested-workflow-map.R",272,113,671
"nested-workflow-map.R",273,114,671
"nested-workflow-map.R",274,115,671
"nested-workflow-map.R",275,116,671
"nested-workflow-map.R",276,117,671
"nested-workflow-map.R",277,118,671
"nested-workflow-map.R",278,119,671
"nested-workflow-map.R",295,136,86
"nested-workflow-map.R",296,137,86
"nested-workflow-map.R",297,138,2
"nested-workflow-map.R",299,140,86
"nested-workflow-map.R",300,141,86
"nested-workflow-map.R",301,142,86
"nested-workflow-map.R",302,143,86
"nested-workflow-map.R",303,144,86
"nested-workflow-map.R",306,147,86
"nested-workflow-map.R",307,148,86
"nested-workflow-map.R",316,157,36
"nested-workflow-map.R",317,158,35
"nested-workflow-map.R",319,160,1
"nested-workflow-map.R",320,161,1
"nested-workflow-map.R",321,162,1
"nested-workflow-map.R",324,165,36
"nested-workflow-map.R",332,173,34
"nested-workflow-map.R",333,174,34
"nested-workflow-map.R",334,175,34
"nested-workflow-map.R",335,176,34
"nested-workflow-map.R",336,177,34
"nested-workflow-map.R",337,178,34
"nested-workflow-map.R",338,179,34
"nested-workflow-map.R",339,180,34
"parallel.R",12,12,500
"parallel.R",16,16,464
"parallel.R",17,17,1
"parallel.R",21,21,463
"parallel.R",22,22,463
"parallel.R",23,23,0
"parallel.R",25,25,463
"parallel.R",29,29,506
"parallel.R",47,47,37
"parallel.R",48,48,0
"parallel.R",50,50,37
"parallel.R",63,63,481
"parallel.R",64,64,481
"parallel.R",68,68,93
"parallel.R",72,72,41
"parallel.R",73,73,41
"parallel.R",120,120,117
"parallel.R",121,121,10
"parallel.R",123,123,107
"parallel.R",124,124,107
"parallel.R",126,126,107
"parallel.R",127,127,107
"parallel.R",128,128,107
"parallel.R",129,129,107
"parallel.R",130,130,107
"parallel.R",132,132,3
"parallel.R",134,134,104
"parallel.R",135,135,104
"parallel.R",136,136,1
"parallel.R",138,138,103
"parallel.R",139,139,103
"parallel.R",140,140,103
"parallel.R",141,141,103
"parallel.R",142,142,103
"parallel.R",146,146,123
"parallel.R",147,147,123
"parallel.R",149,149,123
"parallel.R",150,150,123
"parallel.R",151,151,123
"parallel.R",152,152,123
"parallel.R",153,153,123
"parallel.R",155,155,123
"parallel.R",156,156,1
"parallel.R",158,158,123
"parallel.R",159,159,7
"parallel.R",161,161,123
"parallel.R",165,165,104
"parallel.R",166,166,104
"parallel.R",167,167,104
"parallel.R",168,168,103
"parallel.R",170,170,104
"parallel.R",171,171,97
"parallel.R",174,174,104
"parallel.R",175,175,104
"parallel.R",176,176,104
"parallel.R",177,177,104
"parallel.R",178,178,104
"parallel.R",181,181,104
"parallel.R",182,182,104
"parallel.R",183,183,104
"parallel.R",207,207,497
"parallel.R",208,208,444
"parallel.R",209,209,444
"parallel.R",210,210,444
"parallel.R",211,211,444
"parallel.R",212,212,444
"parallel.R",213,213,444
"parallel.R",214,214,444
"parallel.R",215,215,444
"parallel.R",216,216,444
"parallel.R",217,217,444
"parallel.R",218,218,444
"parallel.R",219,219,444
"parallel.R",220,220,444
"parallel.R",225,225,53
"parallel.R",226,226,53
"parallel.R",227,227,53
"parallel.R",228,228,53
"parallel.R",229,229,53
"parallel.R",230,230,35
"parallel.R",231,231,35
"parallel.R",233,233,35
"parallel.R",258,258,35
"parallel.R",259,259,35
"parallel.R",261,261,35
"parallel.R",262,262,32
"parallel.R",263,263,32
"parallel.R",283,283,32
"parallel.R",284,284,32
"parallel.R",285,285,32
"parallel.R",286,286,32
"parallel.R",287,287,32
"parallel.R",288,288,32
"parallel.R",289,289,32
"parallel.R",290,290,32
"parallel.R",291,291,32
"parallel.R",292,292,32
"parallel.R",293,293,32
"parallel.R",294,294,32
"parallel.R",295,295,32
"parallel.R",296,296,32
"parallel.R",297,297,32
"parallel.R",298,298,32
"parallel.R",299,299,32
"parallel.R",300,300,32
"parallel.R",301,301,32
"parallel.R",302,302,32
"parallel.R",303,303,32
"parallel.R",304,304,32
"parallel.R",305,305,32
"parallel.R",306,306,32
"parallel.R",307,307,32
"parallel.R",308,308,32
"parallel.R",309,309,32
"parallel.R",310,310,32
"parallel.R",311,311,32
"parallel.R",312,312,32
"parallel.R",313,313,32
"parallel.R",314,314,32
"parallel.R",315,315,32
"parallel.R",316,316,32
"parallel.R",317,317,32
"parallel.R",318,318,32
"parallel.R",319,319,32
"parallel.R",320,320,32
"parallel.R",321,321,32
"parallel.R",322,322,32
"parallel.R",324,324,3
"parallel.R",325,325,3
"parallel.R",326,326,3
"parallel.R",327,327,3
"parallel.R",328,328,3
"parallel.R",329,329,3
"parallel.R",330,330,3
"parallel.R",331,331,3
"parallel.R",332,332,3
"parallel.R",333,333,3
"parallel.R",334,334,3
"parallel.R",336,336,35
"parallel.R",338,338,35
"parallel.R",363,363,35
"parallel.R",367,367,35
"parallel.R",368,368,34
"parallel.R",369,369,34
"parallel.R",370,370,34
"parallel.R",371,371,34
"parallel.R",372,372,34
"parallel.R",373,373,34
"parallel.R",402,402,82
"parallel.R",403,403,82
"parallel.R",404,404,82
"parallel.R",405,405,82
"parallel.R",406,406,82
"parallel.R",407,407,82
"parallel.R",408,408,82
"parallel.R",409,409,82
"parallel.R",410,410,82
"parallel.R",411,411,82
"parallel.R",412,412,8
"parallel.R",413,413,8
"parallel.R",414,414,8
"parallel.R",415,415,8
"parallel.R",416,416,8
"parallel.R",417,417,4
"parallel.R",418,418,8
"parallel.R",419,419,4
"parallel.R",420,420,8
"parallel.R",421,421,8
"parallel.R",422,422,8
"parallel.R",423,423,8
"parallel.R",424,424,8
"parallel.R",426,426,74
"parallel.R",479,479,46
"parallel.R",480,480,1
"parallel.R",482,482,45
"parallel.R",515,515,46
"parallel.R",516,516,46
"parallel.R",517,517,46
"parallel.R",518,518,46
"parallel.R",519,519,46
"parallel.R",520,520,46
"parallel.R",521,521,46
"parallel.R",522,522,46
"parallel.R",523,523,46
"parallel.R",524,524,46
"parallel.R",525,525,46
"parallel.R",526,526,46
"parallel.R",527,527,46
"parallel.R",528,528,46
"parallel.R",544,544,46
"parallel.R",549,549,45
"parallel.R",550,550,45
"parallel.R",551,551,45
"parallel.R",552,552,45
"parallel.R",553,553,45
"parallel.R",554,554,45
"parallel.R",555,555,45
"parallel.R",556,556,45
"parallel.R",557,557,45
"parallel.R",558,558,45
"parallel.R",559,559,2
"parallel.R",561,561,45
"parallel.R",562,562,45
"parallel.R",592,592,31
"parallel.R",593,593,31
"parallel.R",594,594,31
"parallel.R",595,595,31
"parallel.R",596,596,31
"parallel.R",597,597,31
"parallel.R",598,598,31
"parallel.R",599,599,31
"parallel.R",600,600,31
"parallel.R",601,601,31
"parallel.R",602,602,31
"parallel.R",603,603,31
"parallel.R",604,604,31
"parallel.R",605,605,31
"parallel.R",606,606,31
"parallel.R",621,621,1649
"parallel.R",622,622,5
"parallel.R",624,624,1644
"parallel.R",625,625,1644
"parallel.R",626,626,1644
"parallel.R",627,627,0
"parallel.R",628,628,0
"parallel.R",629,629,0
"parallel.R",630,630,0
"parallel.R",631,631,1644
"parallel.R",632,632,1644
"parallel.R",646,646,61
"parallel.R",647,647,61
"parallel.R",648,648,55
"parallel.R",652,652,61
"parallel.R",653,653,1
"parallel.R",655,655,61
"parallel.R",679,679,35
"parallel.R",680,680,35
"parallel.R",681,681,4
"parallel.R",684,684,31
"parallel.R",685,685,31
"parallel.R",686,686,31
"parallel.R",687,687,31
"parallel.R",688,688,31
"parallel.R",689,689,31
"parallel.R",690,690,31
"parallel.R",691,691,0
"parallel.R",699,699,31
"parallel.R",700,700,31
"parallel.R",701,701,31
"parallel.R",702,702,31
"parallel.R",703,703,31
"parallel.R",704,704,31
"parallel.R",705,705,31
"parallel.R",706,706,31
"parallel.R",707,707,0
"parallel.R",708,708,0
"parallel.R",709,709,0
"parallel.R",710,710,0
"parallel.R",711,711,0
"parallel.R",712,712,0
"parallel.R",713,713,0
"parallel.R",714,714,0
"parallel.R",715,715,0
"parallel.R",716,716,0
"parallel.R",717,717,0
"parallel.R",718,718,0
"parallel.R",719,719,0
"parallel.R",721,721,31
"parallel.R",743,743,225
"parallel.R",744,744,225
"parallel.R",745,745,19
"parallel.R",747,747,206
"parallel.R",748,748,206
"parallel.R",749,749,206
"parallel.R",751,751,206
"parallel.R",752,752,206
"parallel.R",753,753,206
"parallel.R",754,754,206
"parallel.R",755,755,206
"parallel.R",756,756,206
"parallel.R",757,757,206
"parallel.R",759,759,7
"parallel.R",761,761,199
"parallel.R",775,775,110
"parallel.R",776,776,110
"parallel.R",777,777,110
"parallel.R",778,778,110
"parallel.R",779,779,110
"parallel.R",780,780,110
"parallel.R",781,781,110
"parallel.R",782,782,110
"parallel.R",785,785,110
"parallel.R",787,787,110
"parallel.R",788,788,110
"parallel.R",789,789,110
"parallel.R",790,790,110
"parallel.R",791,791,110
"parallel.R",792,792,110
"parallel.R",793,793,110
"parallel.R",800,800,110
"parallel.R",801,801,15
"parallel.R",802,802,110
"parallel.R",803,803,28
"parallel.R",804,804,110
"parallel.R",805,805,13
"parallel.R",806,806,110
"parallel.R",807,807,11
"parallel.R",808,808,110
"parallel.R",809,809,43
"parallel.R",810,810,110
"parallel.R",811,811,110
"parallel.R",812,812,110
"parallel.R",813,813,110
"parallel.R",814,814,110
"parallel.R",815,815,110
"parallel.R",816,816,110
"parallel.R",817,817,7
"parallel.R",818,818,110
"parallel.R",819,819,103
"parallel.R",820,820,110
"parallel.R",821,821,110
"parallel.R",822,822,110
"parallel.R",823,823,12
"parallel.R",824,824,110
"parallel.R",825,825,98
"parallel.R",826,826,110
"parallel.R",827,827,110
"parallel.R",828,828,110
"parallel.R",829,829,110
"parallel.R",830,830,110
"parallel.R",843,843,86
"parallel.R",844,844,37
"parallel.R",847,847,49
"parallel.R",848,848,49
"parallel.R",849,849,49
"parallel.R",850,850,49
"parallel.R",851,851,49
"parallel.R",852,852,49
"parallel.R",859,859,49
"parallel.R",860,860,49
"parallel.R",861,861,49
"parallel.R",862,862,49
"parallel.R",866,866,49
"parallel.R",877,877,49
"parallel.R",878,878,49
"parallel.R",888,888,49
"parallel.R",889,889,49
"parallel.R",890,890,49
"parallel.R",891,891,49
"parallel.R",895,895,49
"parallel.R",897,897,49
"parallel.R",898,898,12
"parallel.R",899,899,12
"parallel.R",900,900,12
"parallel.R",901,901,12
"parallel.R",902,902,12
"parallel.R",903,903,12
"parallel.R",904,904,12
"parallel.R",911,911,12
"parallel.R",912,912,1
"parallel.R",914,914,12
"parallel.R",915,915,2
"parallel.R",916,916,2
"parallel.R",917,917,2
"parallel.R",918,918,2
"parallel.R",919,919,2
"parallel.R",920,920,2
"parallel.R",921,921,2
"parallel.R",922,922,2
"parallel.R",923,923,2
"parallel.R",924,924,2
"parallel.R",926,926,12
"parallel.R",927,927,1
"parallel.R",928,928,1
"parallel.R",929,929,1
"parallel.R",930,930,1
"parallel.R",931,931,1
"parallel.R",933,933,12
"parallel.R",934,934,12
"parallel.R",935,935,12
"parallel.R",936,936,12
"parallel.R",937,937,12
"parallel.R",938,938,12
"parallel.R",939,939,12
"parallel.R",940,940,12
"parallel.R",941,941,12
"parallel.R",942,942,12
"parallel.R",943,943,12
"parallel.R",944,944,12
"parallel.R",947,947,37
"parallel.R",955,955,23
"parallel.R",956,956,23
"parallel.R",957,957,23
"parallel.R",958,958,23
"parallel.R",959,959,23
"parallel.R",960,960,23
"parallel.R",961,961,23
"parallel.R",962,962,23
"parallel.R",963,963,23
"parallel.R",964,964,23
"parallel.R",965,965,23
"parallel.R",966,966,23
"parallel.R",967,967,23
"parallel.R",968,968,1
"parallel.R",969,969,1
"parallel.R",970,970,1
"parallel.R",971,971,1
"parallel.R",972,972,1
"parallel.R",973,973,1
"parallel.R",974,974,1
"parallel.R",976,976,23
"parallel.R",977,977,1
"parallel.R",978,978,1
"parallel.R",979,979,1
"parallel.R",980,980,1
"parallel.R",981,981,1
"parallel.R",983,983,23
"parallel.R",984,984,23
"parallel.R",985,985,23
"parallel.R",986,986,23
"parallel.R",987,987,23
"parallel.R",988,988,23
"parallel.R",989,989,23
"parallel.R",990,990,23
"parallel.R",991,991,23
"parallel.R",992,992,23
"parallel.R",993,993,23
"parallel.R",994,994,23
"parallel.R",997,997,14
"parallel.R",1003,1003,8
"parallel.R",1009,1009,8
"parallel.R",1010,1010,8
"parallel.R",1011,1011,8
"parallel.R",1012,1012,8
"parallel.R",1013,1013,8
"parallel.R",1014,1014,8
"parallel.R",1015,1015,8
"parallel.R",1016,1016,8
"parallel.R",1017,1017,8
"parallel.R",1018,1018,8
"parallel.R",1019,1019,8
"parallel.R",1020,1020,8
"parallel.R",1021,1021,1
"parallel.R",1022,1022,1
"parallel.R",1023,1023,1
"parallel.R",1024,1024,1
"parallel.R",1025,1025,1
"parallel.R",1027,1027,8
"parallel.R",1028,1028,8
"parallel.R",1029,1029,8
"parallel.R",1030,1030,8
"parallel.R",1031,1031,8
"parallel.R",1032,1032,8
"parallel.R",1033,1033,8
"parallel.R",1034,1034,8
"parallel.R",1035,1035,8
"parallel.R",1036,1036,8
"parallel.R",1037,1037,8
"parallel.R",1038,1038,8
"parallel.R",1043,1043,6
"parallel.R",1044,1044,6
"parallel.R",1045,1045,6
"parallel.R",1046,1046,5
"parallel.R",1047,1047,5
"parallel.R",1048,1048,5
"parallel.R",1049,1049,5
"parallel.R",1051,1051,6
"parallel.R",1052,1052,6
"parallel.R",1053,1053,6
"parallel.R",1054,1054,6
"parallel.R",1055,1055,6
"parallel.R",1056,1056,6
"parallel.R",1057,1057,6
"parallel.R",1058,1058,6
"parallel.R",1059,1059,6
"parallel.R",1060,1060,6
"parallel.R",1061,1061,6
"parallel.R",1062,1062,6
"parallel.R",1063,1063,6
"parallel.R",1064,1064,6
"parallel.R",1087,1087,37
"parallel.R",1088,1088,34
"parallel.R",1090,1090,3
"parallel.R",1091,1091,3
"parallel.R",1092,1092,3
"parallel.R",1093,1093,3
"parallel.R",1094,1094,3
"parallel.R",1095,1095,3
"parallel.R",1096,1096,3
"parallel.R",1097,1097,3
"parallel.R",1098,1098,3
"parallel.R",1099,1099,3
"parallel.R",1100,1100,3
"parallel.R",1101,1101,3
"parallel.R",1102,1102,3
"parallel.R",1119,1119,116
"parallel.R",1120,1120,99
"parallel.R",1122,1122,17
"parallel.R",1125,1125,1
"parallel.R",1126,1126,1
"parallel.R",1127,1127,1
"parallel.R",1128,1128,1
"parallel.R",1129,1129,1
"parallel.R",1130,1130,1
"parallel.R",1131,1131,1
"parallel.R",1132,1132,1
"parallel.R",1134,1134,16
"parallel.R",1138,1138,3
"parallel.R",1139,1139,3
"parallel.R",1140,1140,3
"parallel.R",1141,1141,3
"parallel.R",1142,1142,3
"parallel.R",1143,1143,3
"parallel.R",1144,1144,3
"parallel.R",1145,1145,3
"parallel.R",1146,1146,3
"parallel.R",1147,1147,3
"parallel.R",1149,1149,13
"parallel.R",1150,1150,13
"parallel.R",1151,1151,13
"parallel.R",1152,1152,13
"parallel.R",1153,1153,13
"parallel.R",1154,1154,13
"parallel.R",1155,1155,13
"parallel.R",1175,1175,17
"parallel.R",1176,1176,17
"parallel.R",1177,1177,17
"parallel.R",1178,1178,17
"parallel.R",1179,1179,17
"parallel.R",1183,1183,121
"parallel.R",1184,1184,121
"parallel.R",1185,1185,121
"parallel.R",1186,1186,121
"parallel.R",1192,1192,13
"parallel.R",1194,1194,1
"parallel.R",1196,1196,12
"parallel.R",1201,1201,3
"parallel.R",1202,1202,3
"parallel.R",1203,1203,3
"parallel.R",1204,1204,3
"parallel.R",1205,1205,3
"parallel.R",1206,1206,3
"parallel.R",1207,1207,3
"parallel.R",1208,1208,3
"parallel.R",1209,1209,3
"parallel.R",1211,1211,9
"parallel.R",1233,1233,1320
"parallel.R",1234,1234,1320
"parallel.R",1235,1235,1320
"parallel.R",1236,1236,1320
"parallel.R",1237,1237,1320
"parallel.R",1238,1238,1320
"parallel.R",1239,1239,1320
"parallel.R",1240,1240,1320
"parallel.R",1241,1241,1320
"parallel.R",1242,1242,1320
"parallel.R",1243,1243,1320
"parallel.R",1244,1244,1320
"parallel.R",1245,1245,1320
"parallel.R",1246,1246,1320
"selection-rule.R",120,20,645
"selection-rule.R",121,21,642
"selection-rule.R",122,22,37
"selection-rule.R",124,24,641
"selection-rule.R",125,25,638
"selection-rule.R",126,26,638
"selection-rule.R",127,27,35
"selection-rule.R",128,28,26
"selection-rule.R",130,30,603
"selection-rule.R",131,31,603
"selection-rule.R",132,32,603
"selection-rule.R",133,33,603
"selection-rule.R",134,34,603
"selection-rule.R",135,35,603
"selection-rule.R",136,36,3
"selection-rule.R",137,37,3
"selection-rule.R",138,38,3
"selection-rule.R",139,39,3
"selection-rule.R",140,40,3
"selection-rule.R",141,41,3
"selection-rule.R",142,42,3
"selection-rule.R",143,43,3
"selection-rule.R",144,44,3
"selection-rule.R",145,45,3
"selection-rule.R",146,46,3
"selection-rule.R",148,48,600
"selection-rule.R",149,49,1
"selection-rule.R",150,50,1
"selection-rule.R",151,51,1
"selection-rule.R",152,52,1
"selection-rule.R",153,53,1
"selection-rule.R",154,54,1
"selection-rule.R",155,55,1
"selection-rule.R",156,56,1
"selection-rule.R",157,57,1
"selection-rule.R",158,58,1
"selection-rule.R",160,60,599
"selection-rule.R",161,61,3
"selection-rule.R",162,62,3
"selection-rule.R",163,63,3
"selection-rule.R",164,64,3
"selection-rule.R",165,65,3
"selection-rule.R",166,66,3
"selection-rule.R",167,67,3
"selection-rule.R",168,68,3
"selection-rule.R",169,69,3
"selection-rule.R",170,70,3
"selection-rule.R",172,72,596
"selection-rule.R",173,73,566
"selection-rule.R",174,74,2
"selection-rule.R",175,75,2
"selection-rule.R",176,76,2
"selection-rule.R",177,77,2
"selection-rule.R",178,78,2
"selection-rule.R",179,79,2
"selection-rule.R",180,80,2
"selection-rule.R",183,83,30
"selection-rule.R",184,84,7
"selection-rule.R",187,87,30
"selection-rule.R",188,88,30
"selection-rule.R",189,89,30
"selection-rule.R",190,90,30
"selection-rule.R",191,91,30
"selection-rule.R",193,93,5
"selection-rule.R",194,94,3
"selection-rule.R",195,95,5
"selection-rule.R",196,96,2
"selection-rule.R",197,97,5
"selection-rule.R",198,98,5
"selection-rule.R",199,99,5
"selection-rule.R",200,100,5
"selection-rule.R",201,101,5
"selection-rule.R",202,102,5
"selection-rule.R",203,103,5
"selection-rule.R",204,104,5
"selection-rule.R",205,105,5
"selection-rule.R",208,108,589
"selection-rule.R",216,116,35
"selection-rule.R",217,117,1
"selection-rule.R",218,118,1
"selection-rule.R",219,119,1
"selection-rule.R",220,120,1
"selection-rule.R",221,121,1
"selection-rule.R",222,122,1
"selection-rule.R",223,123,1
"selection-rule.R",224,124,1
"selection-rule.R",225,125,1
"selection-rule.R",226,126,1
"selection-rule.R",228,128,34
"selection-rule.R",229,129,1
"selection-rule.R",230,130,1
"selection-rule.R",231,131,1
"selection-rule.R",232,132,1
"selection-rule.R",233,133,1
"selection-rule.R",234,134,1
"selection-rule.R",235,135,1
"selection-rule.R",236,136,1
"selection-rule.R",238,138,33
"selection-rule.R",239,139,33
"selection-rule.R",240,140,33
"selection-rule.R",241,141,2
"selection-rule.R",242,142,2
"selection-rule.R",243,143,2
"selection-rule.R",244,144,2
"selection-rule.R",245,145,2
"selection-rule.R",246,146,2
"selection-rule.R",247,147,33
"selection-rule.R",248,148,33
"selection-rule.R",255,155,31
"selection-rule.R",256,156,48
"selection-rule.R",257,157,48
"selection-rule.R",258,158,48
"selection-rule.R",259,159,5
"selection-rule.R",263,163,5
"selection-rule.R",264,164,5
"selection-rule.R",265,165,5
"selection-rule.R",266,166,5
"selection-rule.R",267,167,5
"selection-rule.R",268,168,5
"selection-rule.R",269,169,5
"selection-rule.R",270,170,5
"selection-rule.R",271,171,5
"selection-rule.R",272,172,3
"selection-rule.R",275,175,5
"selection-rule.R",276,176,5
"selection-rule.R",277,177,5
"selection-rule.R",278,178,5
"selection-rule.R",279,179,5
"selection-rule.R",280,180,5
"selection-rule.R",281,181,5
"selection-rule.R",282,182,5
"selection-rule.R",283,183,5
"selection-rule.R",284,184,5
"selection-rule.R",285,185,5
"selection-rule.R",286,186,5
"selection-rule.R",287,187,5
"selection-rule.R",290,190,26
"selection-rule.R",296,196,14
"selection-rule.R",297,197,14
"selection-rule.R",298,198,14
"selection-rule.R",303,203,616
"selection-rule.R",304,204,616
"selection-rule.R",305,205,616
"selection-rule.R",306,206,616
"selection-rule.R",310,210,963
"selection-rule.R",318,218,39
"selection-rule.R",319,219,39
"selection-rule.R",320,220,36
"selection-rule.R",321,221,36
"selection-rule.R",322,222,36
"selection-rule.R",323,223,36
"selection-rule.R",324,224,36
"selection-rule.R",326,226,39
"selection-rule.R",327,227,14
"selection-rule.R",329,229,39
"selection-rule.R",335,235,61
"selection-rule.R",343,243,149
"selection-rule.R",348,247,11
"selection-rule.R",349,248,10
"selection-rule.R",354,252,5
"selection-rule.R",355,253,4
"selection-rule.R",356,254,4
"selection-rule.R",367,265,1120
"selection-rule.R",368,266,1120
"selection-rule.R",369,267,1120
"selection-rule.R",370,268,1120
"selection-rule.R",371,269,1120
"selection-rule.R",372,270,1120
"selection-rule.R",373,271,1120
"selection-rule.R",374,272,1120
"selection-rule.R",375,273,1120
"selection-rule.R",376,274,1120
"selection-rule.R",377,275,1120
"selection-rule.R",378,276,1120
"selection-rule.R",379,277,1120
"selection-rule.R",380,278,1120
"selection-rule.R",382,280,1120
"selection-rule.R",383,281,1120
"selection-rule.R",384,282,1120
"selection-rule.R",385,283,1120
"selection-rule.R",386,284,1120
"selection-rule.R",393,291,1082
"selection-rule.R",394,292,3
"selection-rule.R",395,293,2
"selection-rule.R",396,294,2
"selection-rule.R",397,295,2
"selection-rule.R",398,296,2
"selection-rule.R",399,297,2
"selection-rule.R",400,298,3
"selection-rule.R",401,299,3
"selection-rule.R",402,300,3
"selection-rule.R",403,301,3
"selection-rule.R",404,302,3
"selection-rule.R",405,303,3
"selection-rule.R",406,304,3
"selection-rule.R",407,305,3
"selection-rule.R",408,306,3
"selection-rule.R",410,308,1079
"tuner.R",18,18,282
"tuner.R",22,22,49
"tuner.R",23,23,49
"tuner.R",24,24,49
"tuner.R",25,25,49
"tuner.R",32,32,81
"tuner.R",39,39,38
"tuner.R",47,47,112
"tuner.R",51,51,668
"tuner.R",166,166,4980
"tuner.R",167,167,4980
"tuner.R",168,168,5
"tuner.R",169,169,5
"tuner.R",170,170,5
"tuner.R",171,171,5
"tuner.R",173,173,4975
"tuner.R",177,177,1484
"tuner.R",186,186,1461
"tuner.R",187,187,1461
"tuner.R",188,188,1461
"tuner.R",197,197,3784
"tuner.R",198,198,3784
"tuner.R",199,199,3784
"tuner.R",204,204,20
"tuner.R",232,232,1125
"tuner.R",233,233,1125
"tuner.R",234,234,1125
"tuner.R",235,235,1125
"tuner.R",236,236,1125
"tuner.R",237,237,1125
"tuner.R",244,244,1125
"tuner.R",245,245,1125
"tuner.R",246,246,1125
"tuner.R",247,247,1125
"tuner.R",248,248,1125
"tuner.R",249,249,1125
"tuner.R",250,250,1125
"tuner.R",251,251,1125
"tuner.R",252,252,1125
"tuner.R",253,253,1125
"tuner.R",254,254,1125
"tuner.R",255,255,1125
"tuner.R",256,256,1125
"tuner.R",257,257,1125
"tuner.R",258,258,1125
"tuner.R",259,259,1125
"tuner.R",260,260,1125
"tuner.R",261,261,1125
"tuner.R",262,262,1125
"tuner.R",268,268,1125
"tuner.R",269,269,1125
"tuner.R",270,270,131
"tuner.R",272,272,1125
"tuner.R",285,285,1796
"tuner.R",286,286,405
"tuner.R",288,288,1796
"tuner.R",289,289,1796
"tuner.R",290,290,1796
"tuner.R",291,291,1796
"tuner.R",297,297,412
"tuner.R",303,303,603
"tuner.R",328,328,589
"tuner.R",329,329,459
"tuner.R",330,330,459
"tuner.R",331,331,459
"tuner.R",332,332,459
"tuner.R",333,333,459
"tuner.R",334,334,459
"tuner.R",335,335,459
"tuner.R",336,336,459
"tuner.R",337,337,589
"tuner.R",338,338,130
"tuner.R",339,339,130
"tuner.R",340,340,130
"tuner.R",341,341,130
"tuner.R",342,342,130
"tuner.R",343,343,130
"tuner.R",344,344,589
"tuner.R",345,345,589
"tuner.R",357,357,106
"tuner.R",358,358,106
"tuner.R",359,359,106
"tuner.R",360,360,106
"tuner.R",361,361,106
"tuner.R",362,362,106
"tuner.R",363,363,106
"tuner.R",364,364,106
"tuner.R",365,365,106
"tuner.R",366,366,106
"workflow-identity.R",28,28,781
"workflow-identity.R",29,29,781
"workflow-identity.R",30,30,781
"workflow-identity.R",31,31,781
"workflow-identity.R",32,32,781
"workflow-identity.R",33,33,781
"workflow-identity.R",34,34,781
"workflow-identity.R",35,35,781
"workflow-identity.R",37,37,11
"workflow-identity.R",39,39,781
"workflow-identity.R",40,40,781
"workflow-identity.R",41,41,20
"workflow-identity.R",43,43,781
"workflow-identity.R",55,55,20
"workflow-identity.R",59,59,24
"workflow-identity.R",60,60,24
"workflow-identity.R",61,61,24
"workflow-identity.R",62,62,24
"workflow-identity.R",76,76,784
"workflow-identity.R",77,77,784
"workflow-identity.R",78,78,784
"workflow-identity.R",79,79,784
"workflow-identity.R",80,80,784
"workflow-identity.R",81,81,784
"workflow-identity.R",82,82,784
"workflow-identity.R",83,83,784
"workflow-identity.R",99,99,781
"workflow-identity.R",100,100,249
"workflow-identity.R",102,102,532
"workflow-identity.R",103,103,2
"workflow-identity.R",104,104,2
"workflow-identity.R",105,105,2
"workflow-identity.R",106,106,2
"workflow-identity.R",107,107,2
"workflow-identity.R",109,109,530
"workflow-identity.R",110,110,530
"workflow-identity.R",111,111,530
"workflow-identity.R",112,112,530
"workflow-identity.R",113,113,530
"workflow-identity.R",114,114,530
"workflow-identity.R",119,119,0
"workflow-identity.R",123,123,530
"workflow-identity.R",124,124,530
"workflow-identity.R",125,125,530
"workflow-identity.R",126,126,530
"workflow-identity.R",130,130,603
"workflow-identity.R",131,131,603
"workflow-identity.R",132,132,603
"workflow-identity.R",133,133,603
"workflow-identity.R",134,134,603
"workflow-identity.R",135,135,603
"workflow-identity.R",136,136,603
"workflow-identity.R",137,137,603
"workflow-identity.R",138,138,603
"workflow-identity.R",145,145,3421
"workflow-identity.R",146,146,579
"workflow-identity.R",148,148,2842
"workflow-identity.R",160,160,8795
"workflow-identity.R",161,161,2469
"workflow-identity.R",163,163,8795
"workflow-identity.R",164,164,0
"workflow-identity.R",166,166,8795
"workflow-identity.R",167,167,249
"workflow-identity.R",169,169,8795
"workflow-identity.R",170,170,23
"workflow-identity.R",172,172,8772
"workflow-identity.R",173,173,600
"workflow-identity.R",179,179,8172
"workflow-identity.R",180,180,8172
"workflow-identity.R",181,181,8172
